tandem_value,dat_tim,rec_typ,auth_ppd,term_ln,term_fiid,term_id,crd_ln,crd_fiid,crd_num_19,brch,regn_id,term_typ_r,auth_typ_cde,auth_typ,auth_rte_stat,auth_originator,auth_responder,auth_entry_tim,auth_exit_tim,auth_re_entry_tim,auth_tran_dat_ymd,auth_tran_tim_hms,auth_tran_tim_tt,auth_post_dat_ymd,acq_ichg_setl_ymd,switch_date_fill,switch_date,switch_mm,switch_dd,iss_ichg_setl_ymd,seq_num,term_typ,tim_ofst,reference_1,acq_inst_id_num1,acq_inst_id_num2,rcv_inst_id_num1,rcv_inst_id_num2,cup_filler_1,cup_post_date,cup_filler_2,ref1_scsmg,billpay_ref1,tran_cde,tran_cde_frm,tran_cde_to,from_acct,receive_slip,to_acct,mult_acct,amt_1_full,amt_2_full,amt_3,dep_bal_cr,atc_counter,term_cability,dep_typ,emv_flag,resp_byte,term_name_loc,term_owner_name,term_city,term_st_x,term_cntry_x,to_acct_fee,acq_fee,iss_fee,change_acct,change_amt,orig_crncy_cde,auth_crncy_cde,auth_conv_rate,auth_crncy_amt,from_bank_code,to_bank_code,pcc_trace_no,bill_cnt_20,bill_cnt_100,bill_cnt_500,bill_cnt_1000,to_acct_name_benef,rvsl_rsn,pin_ofst,shrg_grp,dest_order,auth_id_resp,refr_imp_ind,refr_avail_imp,refr_ledg_imp,refr_hld_amt_imp,dep_setl_imp_flg,adj_setl_imp_flg,refr_ind_pbf1,refr_ind_pbf2,refr_ind_pbf3,refr_ind_pbf4,user_fld4,fee_amt,fee_amt_1,sub_type_from,sub_type_to,barcode_typ,tfr_ir_flg_fee,change_typ,reference_2,frwd_inst_id_num,crd_accpt_id_num,campaign_no,campaign_flag,code_scsmg,phone_cust_ncb,billpay_ref2,crd_iss_id_num,bill_cnt1_4,hopr1_amt,hopr2_amt,hopr3_amt,hopr4_amt,auth_branch_from,auth_branch_to,track2,cb_teller_id,cb_serial_no,card_type,sub_type,dcc_term_group,dcc_mark_up,interchange_tran_type,promptchai_flag,any_id_type,proxy_id,sender_name,proxy_type,acq_bank,iss_bank,dest_bank,pin_block_type,to_acct_name_sender,to_acct_disp_name,sender_tax_id,receiver_tax_id,vtm_bill_cnt,vtm_hopr1_amt_100,vtm_hopr2_amt_0500,vtm_hopr3_amt_1000,vtm_hopr4_amt_0020,vtm_hopr5_amt_0005,vtm_hopr6_amt_0001,special_scb_fee,special_ven_fee,billpay_ref3,rtp_ref_id,app_src_of_trans,app_inf_to_atm,typ_sender,typ_recv,waive_fee_flag,promptchai_wvfee_flag,p2p_billpay_norm_flag,special_bill_flag,verf_pin,mg_commit_date_time,mg_trans_ses_id,mg_tran_status,mg_sender_first_nm,mg_sender_last_nm,mg_sender_cnty,mg_rec_photo_num,mg_recv_dob,mg_recv_first_nm,mg_recv_last_nm,mg_recv_cnty,mg_recv_pos_trn,mg_relation_sender,mg_recv_occup,mg_receive_amt,mg_disp_amt_1,mg_disp_amt_2,mg_remain_amt_1,mg_remain_amt_2,mg_remain_fee,amlo_name,amlo_acct,amlo_id,amlo_crd_flag,amlo_crd_fiid,cr_border_txn_id,cr_usd_amt,cr_cncy_cde,cr_fx_rate,cr_fee,,,,,
DR,2.12643E+17,2,UGAR,UAT1,SCB,S1GCR6944,UAT1,SCB,5.57756E+15,111,1,R,31,210,0,1,3,2.12643E+17,0,0,260416,92609,28,260416,0,0,0,0,0,0,6437,30,0,9E+21,,,,,,,,,,31,0,41,0,0,0,0,0,0,0,0,0,5,F,F,1,HITACHI ADM2 XP,SIAM COMERCIAL,"""",,4H,0,0,0,0,0,764,0,0,34723282.96,0,0,0,0,0,0,0,3.47233E+18,0,0,0,0,0,0,0,0,0,0,0,,,,,0,0,0,0,0,0,0,0,0,,,,,,,,0,3.0034E+12,3,34,18,52,0,0,5577557613020065=2708              8300,,,83,0,F5,0,00N,N,,,,,,,,,,,,,0,0,0,0,0,0,0,0,0,,,,,,,0,N,,N,N,,,,,,,,,,,,,,,0,0,0,0,0,0,,,,,,,0,,0,0,26:09.0,10:51.6,,NULL,NULL
DR,2.12643E+17,2,UGAR,UAT1,SCB,S1GCR6944,UAT1,SCB,5.57756E+15,111,1,R,31,210,0,1,5,2.12643E+17,2.12643E+17,2.12643E+17,260416,92618,73,260416,0,0,0,0,0,0,6438,30,0,9E+21,,,,,,,,,,30,11,0,4310201285,0,0,0,0,943640.69,943640.69,0,809,5,T,T,0,HITACHI ADM2 XP,0,"""",,4H,0,0,0,,0,764,0,0,34723282.96,0,0,0,0,0,0,0,3.47233E+18,0,0,0,P,0,0,0,0,0,0,0,,,,,0,0,0,0,0,0,0,0,0,,,,,,,,0,3.0034E+12,3,34,18,52,111,,5577557613020065=2708000000000000008300,0,0,83,0,T5,8,09N,N,,,,,,,,,,,,,0,0,0,0,0,0,0,0,0,,,,,,,0,N,,N,Y,,,,,,,,,,,,,,,0,0,0,0,0,0,,,,,,,0,,0,0,26:18.0,10:51.6,1,NULL,NULL
DR,2.12643E+17,1,UGAR,UAT1,SCB,S1GCR6944,UAT1,SCB,5.57756E+15,111,1,R,31,210,0,1,5,2.12643E+17,2.12643E+17,2.12643E+17,260416,92702,53,260416,0,0,0,0,0,0,6439,30,0,9E+21,,,,,,,,,,10,11,0,4310201285,0,0,0,1900,941740.69,941740.69,0,810,5,T,T,0,HITACHI ADM2 XP,0,"""",,4H,0,0,0,,0,764,0,0,34723282.96,0,0,0,0,0,0,0,3.47233E+18,0,0,0,P,0,0,0,0,0,0,0,,,,,0,0,0,0,0,0,0,0,0,,,,,,,,0,3.0034E+12,3,34,18,52,111,,5577557613020065=2708000000000000008300,0,0,83,0,T5,8,10N,N,,,,,,,,,,,,,0,0,0,0,0,0,0,0,0,,,,,,,0,N,,N,Y,,,,,,,,,,,,,,,0,0,0,0,0,0,,,,,,,0,,0,0,27:02.0,10:51.6,1,NULL,NULL
DR,2.12643E+17,1,UGAR,UAT1,SCB,S1GCR6944,UAT1,SCB,5.57756E+15,111,1,R,31,420,0,1,5,2.12643E+17,2.12643E+17,2.12643E+17,260416,92702,53,260416,0,0,0,0,0,0,6439,30,0,9E+21,,,,,,,,,,10,11,0,4310201285,0,0,0,1900,0,0,0,810,5,T,T,0,HITACHI ADM2 XP,0,"""",,4H,0,0,0,,0,764,0,0,34723282.96,0,0,0,0,0,0,0,3.47233E+18,10,0,0,P,0,0,0,0,0,0,0,,,,,0,0,0,0,0,0,0,0,0,,,,,,,,0,3.0034E+12,3,34,18,52,111,,5577557613020065=2708000000000000008300,0,0,83,0,T5,8,10N,N,,,,,,,,,,,,,0,0,0,0,0,0,0,0,0,,,,,,,0,N,,N,Y,,,,,,,,,,,,,,,0,0,0,0,0,0,,,,,,,0,,0,0,27:02.0,10:51.6,1,NULL,NULL
DR,2.12643E+17,2,UGAA,UAT1,SCB,S1G365310,UAT1,SCB,5.57756E+15,111,1,N,31,210,0,1,3,2.12643E+17,0,0,260416,92747,23,260416,0,0,0,0,0,0,867,22,0,9E+21,,,,,,,,,,31,0,41,0,0,0,0,0,0,0,0,0,5,F,F,1,NCR S6622E XP'S(ATM)@,SCB,8:00,t,H,0,0,0,0,0,764,0,0,34723282.96,0,0,0,0,0,0,0,3.47233E+18,0,0,0,0,0,0,0,0,0,0,0,,,,,0,0,0,0,0,0,0,0,0,,,,,,,,0,5.60058E+13,56,58,116,0,0,0,5577557613021139=2708              4500,,,45,0,F5,0,00N,N,,,,,,,,,,,,,0,0,0,0,0,0,0,0,0,,,,,,,0,N,,N,N,,,,,,,,,,,,,,,0,0,0,0,0,0,,,,,,,0,,0,0,27:47.0,10:51.6,,NULL,NULL
DR,2.12643E+17,2,UGAA,UAT1,SCB,S1G365310,UAT1,SCB,5.57756E+15,111,1,N,31,210,0,1,5,2.12643E+17,2.12643E+17,2.12643E+17,260416,92758,45,260416,0,0,0,0,0,0,868,22,0,9E+21,,,,,,,,,,30,11,0,3612841696,0,0,0,0,499043.25,499043.25,0,569,5,T,T,0,NCR S6622E XP'S(ATM)@,0,8:00,t,H,0,0,0,,0,764,0,0,34723282.96,0,0,0,0,0,0,0,3.47233E+18,0,0,0,P,0,0,0,0,0,0,0,,,,,1000,0,0,1,0,0,0,0,0,,,,,,,,0,5.60058E+13,56,58,116,0,501,,5577557613021139=2708000000000000004500,0,0,45,0,T5,5,69N,N,,,,,,,,,,,,,0,0,0,0,0,0,0,0,0,,,,,,,0,N,,N,Y,,,,,,,,,,,,,,,0,0,0,0,0,0,,,,,,,0,,0,0,27:58.0,10:51.6,1,NULL,NULL
DR,2.12643E+17,1,UGAA,UAT1,SCB,S1G365310,UAT1,SCB,5.57756E+15,111,1,N,31,210,0,1,5,2.12643E+17,2.12643E+17,2.12643E+17,260416,92821,29,260416,0,0,0,0,0,0,869,22,0,9E+21,,,,,,,,,,10,11,0,3612841696,0,0,2,2000,497028.25,497028.25,0,570,5,T,T,0,NCR S6622E XP'S(ATM)@,0,8:00,t,H,0,0,0,,0,764,0,0,34723282.96,0,0,0,0,0,0,0,3.47233E+18,0,0,0,P,0,0,1,50,0,0,0,,,,,1.5E+13,15,0,1,1,0,0,0,0,,,,,,,,0,5.60058E+13,56,58,116,0,501,,5577557613021139=2708000000000000004500,0,0,45,0,T5,5,70N,N,,,,,,,,,,,,,0,0,0,0,0,0,0,0,0,,,,,,,0,N,,N,Y,,,,,,,,,,,,,,,0,0,0,0,0,0,,,,,,,0,,0,0,28:21.0,10:51.6,1,NULL,NULL
DR,2.12643E+17,2,UGAR,UAT1,SCB,S1GCR6931,UAT1,SCB,5.57756E+15,501,501,R,31,210,0,1,3,2.12643E+17,0,0,260416,92923,15,260416,0,0,0,0,0,0,8676,30,0,9E+21,,,,,,,,,,31,0,41,0,0,0,0,0,0,0,0,0,5,F,F,1,HITACHI ADM2 XP,SIAM COMERCIAL,?,,|H,0,0,0,0,0,764,0,0,34723282.96,0,0,0,0,0,0,0,3.47233E+18,0,0,0,0,0,0,0,0,0,0,0,,,,,0,0,0,0,0,0,0,0,0,,,,,,,,0,6.30021E+13,63,21,156,33,0,0,5577557613021139=2708              4500,,,45,0,F5,0,00N,N,,,,,,,,,,,,,0,0,0,0,0,0,0,0,0,,,,,,,0,N,,N,N,,,,,,,,,,,,,,,0,0,0,0,0,0,,,,,,,0,,0,0,29:23.0,10:51.6,,NULL,NULL
DR,2.12643E+17,2,UGAR,UAT1,SCB,S1GCR6931,UAT1,SCB,5.57756E+15,501,501,R,31,210,0,1,5,2.12643E+17,2.12643E+17,2.12643E+17,260416,92933,39,260416,0,0,0,0,0,0,8677,30,0,9E+21,,,,,,,,,,30,11,0,3612841696,0,0,0,0,499043.25,499043.25,0,571,5,T,T,0,HITACHI ADM2 XP,0,?,,|H,0,0,0,,0,764,0,0,34723282.96,0,0,0,0,0,0,0,3.47233E+18,0,0,0,P,0,0,0,0,0,0,0,,,,,1000,0,0,1,0,0,0,0,0,,,,,,,,0,6.30021E+13,63,21,156,33,501,,5577557613021139=2708000000000000004500,0,0,45,0,T5,5,71N,N,,,,,,,,,,,,,0,0,0,0,0,0,0,0,0,,,,,,,0,N,,N,Y,,,,,,,,,,,,,,,0,0,0,0,0,0,,,,,,,0,,0,0,29:33.0,10:51.6,1,NULL,NULL
DR,2.12643E+17,1,UGAR,UAT1,SCB,S1GCR6931,UAT1,SCB,5.57756E+15,501,501,R,31,210,0,1,5,2.12643E+17,2.12643E+17,2.12643E+17,260416,92954,60,260416,0,0,0,0,0,0,8678,30,0,9E+21,,,,,,,,,,10,11,0,3612841696,0,0,0,1200,495828.25,495828.25,0,572,5,T,T,0,HITACHI ADM2 XP,0,?,,|H,0,0,0,,0,764,0,0,34723282.96,0,0,0,0,0,0,0,3.47233E+18,0,0,0,P,0,0,0,0,0,0,0,,,,,1000,0,0,1,0,0,0,0,0,,,,,,,,0,6.30021E+13,63,21,156,33,501,,5577557613021139=2708000000000000004500,0,0,45,0,T5,5,72N,N,,,,,,,,,,,,,0,0,0,0,0,0,0,0,0,,,,,,,0,N,,N,Y,,,,,,,,,,,,,,,0,0,0,0,0,0,,,,,,,0,,0,0,29:54.0,10:51.6,1,NULL,NULL
DR,2.12643E+17,2,UGAR,UAT1,SCB,S1GCR6931,UAT1,SCB,5.57756E+15,501,501,R,31,210,0,1,3,2.12643E+17,0,0,260416,93041,91,260416,0,0,0,0,0,0,8679,30,0,9E+21,,,,,,,,,,31,0,41,0,0,0,0,0,0,0,0,0,5,F,F,1,HITACHI ADM2 XP,SIAM COMERCIAL,?,,#H,0,0,0,0,0,764,0,0,34723282.96,0,0,0,0,0,0,0,3.47233E+18,0,0,0,0,0,0,0,0,0,0,0,,,,,0,0,0,0,0,0,0,0,0,,,,,,,,0,6.30022E+13,63,22,156,35,0,0,5577557613021139=2708              4500,,,45,0,F5,0,00N,N,,,,,,,,,,,,,0,0,0,0,0,0,0,0,0,,,,,,,0,N,,N,N,,,,,,,,,,,,,,,0,0,0,0,0,0,,,,,,,0,,0,0,30:41.0,10:51.6,,NULL,NULL
DR,2.12643E+17,2,UGAR,UAT1,SCB,S1GCR6931,UAT1,SCB,5.57756E+15,501,501,R,31,210,0,1,5,2.12643E+17,2.12643E+17,2.12643E+17,260416,93050,60,260416,0,0,0,0,0,0,8680,30,0,9E+21,,,,,,,,,,35,0,1,0,0,5013248281,0,0,0,0,501000000,573,5,T,T,0,HITACHI ADM2 XP,0,AT        ?,,#H,0,0,0,,0,764,,0,0,,,,0,0,0,0,TESTFISUAT,0,0,0,P,0,0,0,0,0,0,0,,,,,0,0,0,0,0,0,0,0,0,,,,,,,,0,6.30022E+13,63,22,156,35,,501,5577557613021139=2708000000000000004500,0,0,45,0,T5,5,73N,N,,,,,,,,,,,,,0,0,0,0,0,0,0,0,0,,,,,,,0,N,,N,Y,,,,,,,,,,,,,,,0,0,0,0,0,0,0,0,0,0,0,,0,,0,0,30:50.0,10:51.6,,NULL,NULL
DR,2.12643E+17,1,UGAR,UAT1,SCB,S1GCR6931,UAT1,SCB,5.57756E+15,501,501,R,30,210,0,1,5,2.12643E+17,2.12643E+17,2.12643E+17,260416,93140,40,260416,0,0,0,0,0,0,8682,30,0,9E+21,,,,,,,,,,20,0,1,0,0,5013248281,0,9100,65646.3,65646.3,0,575,5,T,T,0,HITACHI ADM2 XP,6005006000,AT        ?,,#H,0,0,0,,0,764,,0.0006005,0,,,6005006,0,6,5,6,TESTFISUAT,0,0,0,P,0,0,0,0,1,0,0,,,,,100,0,0,0,1,0,0,0,0,,,,,,,,0,6.30022E+13,63,22,156,35,,501,5577557613021139=2708000000000000004500,0,0,45,0,T5,5,75N,N,,,,,,,,,,,,,0,0,0,0,0,0,0,0,0,,,,,,,0,N,,N,Y,,,,,,,,,,,,,,,0,0,0,0,0,0,0,0,0,0,0,,0,,0,0,31:40.0,10:51.6,,NULL,NULL
DR,2.12643E+17,2,UGAR,UAT1,SCB,S1GCR6944,UAT1,SCB,5.57756E+15,111,1,R,31,210,0,1,3,2.12643E+17,0,0,260416,93224,76,260416,0,0,0,0,0,0,6440,30,0,9E+21,,,,,,,,,,31,0,41,0,0,0,0,0,0,0,0,0,5,F,F,1,HITACHI ADM2 XP,SIAM COMERCIAL,"""",,4H,0,0,0,0,0,764,0,0,34723282.96,0,0,0,0,0,0,0,3.47233E+18,0,0,0,0,0,0,0,0,0,0,0,,,,,0,0,0,0,0,0,0,0,0,,,,,,,,0,3.0034E+12,3,34,18,52,0,0,5577557613021139=2708              4500,,,45,0,F5,0,00N,N,,,,,,,,,,,,,0,0,0,0,0,0,0,0,0,,,,,,,0,N,,N,N,,,,,,,,,,,,,,,0,0,0,0,0,0,,,,,,,0,,0,0,32:24.0,10:51.6,,NULL,NULL
DR,2.12643E+17,1,UGAR,UAT1,SCB,S1GCR6944,UAT1,SCB,5.57756E+15,111,1,R,31,210,0,1,3,2.12643E+17,0,0,260416,93240,79,260416,0,0,0,0,0,0,6441,30,0,9E+21,,,,,,,,,,10,11,0,0,0,0,0,1600,0,0,0,576,5,T,T,53,HITACHI ADM2 XP,0,"""",,4H,0,0,0,,0,764,0,0,34723282.96,0,0,0,0,0,0,0,3.47233E+18,0,0,0,0,0,0,0,0,0,0,0,,,,,0,0,0,0,0,0,0,0,0,,,,,,,,0,3.0034E+12,3,34,18,52,0,0,5577557613021139=2708000000000000004500,0,0,45,0,T5,5,76N,N,,,,,,,,,,,,,0,0,0,0,0,0,0,0,0,,,,,,,0,N,,N,N,,,,,,,,,,,,,,,0,0,0,0,0,0,,,,,,,0,,0,0,32:40.0,10:51.6,1,NULL,NULL
DR,2.12643E+17,1,UGAR,UAT1,SCB,S1GCR6944,UAT1,SCB,5.57756E+15,111,1,R,31,210,0,1,3,2.12643E+17,0,0,260416,93254,61,260416,0,0,0,0,0,0,6442,30,0,9E+21,,,,,,,,,,10,11,0,0,0,0,0,1600,0,0,0,577,5,T,T,53,HITACHI ADM2 XP,0,"""",,4H,0,0,0,,0,764,0,0,34723282.96,0,0,0,0,0,0,0,3.47233E+18,0,0,0,0,0,0,0,0,0,0,0,,,,,0,0,0,0,0,0,0,0,0,,,,,,,,0,3.0034E+12,3,34,18,52,0,0,5577557613021139=2708000000000000004500,0,0,45,0,T5,5,77N,N,,,,,,,,,,,,,0,0,0,0,0,0,0,0,0,,,,,,,0,N,,N,N,,,,,,,,,,,,,,,0,0,0,0,0,0,,,,,,,0,,0,0,32:54.0,10:51.6,1,NULL,NULL
DR,2.12643E+17,1,UGAR,UAT1,SCB,S1GCR6944,UAT1,SCB,5.57756E+15,111,1,R,31,210,0,1,5,2.12643E+17,2.12643E+17,2.12643E+17,260416,93310,1,260416,0,0,0,0,0,0,6443,30,0,9E+21,,,,,,,,,,10,11,0,3612841696,0,0,0,1600,494213.25,494213.25,0,578,5,T,T,0,HITACHI ADM2 XP,0,"""",,4H,0,0,0,,0,764,0,0,34723282.96,0,0,0,0,0,0,0,3.47233E+18,0,0,0,P,0,0,0,0,0,0,0,,,,,1.5E+13,15,0,0,0,0,0,0,0,,,,,,,,0,3.0034E+12,3,34,18,52,501,,5577557613021139=2708000000000000004500,0,0,45,0,T5,5,78N,N,,,,,,,,,,,,,0,0,0,0,0,0,0,0,0,,,,,,,0,N,,N,Y,,,,,,,,,,,,,,,0,0,0,0,0,0,,,,,,,0,,0,0,33:10.0,10:51.6,1,NULL,NULL
DR,2.12643E+17,2,UGAR,UAT1,SCB,S1GCR6944,UAT1,SCB,5.57756E+15,111,1,R,31,210,0,1,3,2.12643E+17,0,0,260416,93400,90,260416,0,0,0,0,0,0,6444,30,0,9E+21,,,,,,,,,,31,0,41,0,0,0,0,0,0,0,0,0,5,F,F,1,HITACHI ADM2 XP,SIAM COMERCIAL,#,,5H,0,0,0,0,0,764,0,0,34723282.96,0,0,0,0,0,0,0,3.47233E+18,0,0,0,0,0,0,0,0,0,0,0,,,,,0,0,0,0,0,0,0,0,0,,,,,,,,0,3.0035E+12,3,35,19,53,0,0,5577557613021139=2708              4500,,,45,0,F5,0,00N,N,,,,,,,,,,,,,0,0,0,0,0,0,0,0,0,,,,,,,0,N,,N,N,,,,,,,,,,,,,,,0,0,0,0,0,0,,,,,,,0,,0,0,34:00.0,10:51.6,,NULL,NULL
DR,2.12643E+17,2,UGAR,UAT1,SCB,S1GCR6944,UAT1,SCB,5.57756E+15,111,1,R,31,210,0,1,5,2.12643E+17,2.12643E+17,2.12643E+17,260416,93410,17,260416,0,0,0,0,0,0,6445,30,0,9E+21,,,,,,,,,,35,0,1,0,0,5013248281,0,0,0,0,501000000,579,5,T,T,0,HITACHI ADM2 XP,0,AT         #,,5H,0,0,0,,0,764,,0,0,,,,0,0,0,0,TESTFISUAT,0,0,0,P,0,0,0,0,0,0,0,,,,,0,0,0,0,0,0,0,0,0,,,,,,,,0,3.0035E+12,3,35,19,53,,501,5577557613021139=2708000000000000004500,0,0,45,0,T5,5,79N,N,,,,,,,,,,,,,0,0,0,0,0,0,0,0,0,,,,,,,0,N,,N,Y,,,,,,,,,,,,,,,0,0,0,0,0,0,0,0,0,0,0,,0,,0,0,34:10.0,10:51.6,,NULL,NULL
DR,2.12643E+17,1,UGAR,UAT1,SCB,S1GCR6944,UAT1,SCB,5.57756E+15,111,1,R,30,210,0,1,5,2.12643E+17,2.12643E+17,2.12643E+17,260416,93451,79,260416,0,0,0,0,0,0,6447,30,0,9E+21,,,,,,,,,,20,0,1,0,0,5013248281,0,4900,70526.3,70526.3,501000000,581,5,T,T,0,HITACHI ADM2 XP,3003004000,AT         #,,5H,0,0,0,,0,764,,0.0004003,0,,,4003003,0,4,3,3,TESTFISUAT,0,0,0,P,0,0,0,0,1,0,0,,,,,2E+13,20,10,0,0,0,0,0,0,,,,,,,,0,3.0035E+12,3,35,19,53,,501,5577557613021139=2708000000000000004500,0,0,45,0,T5,5,81N,N,,,,,,,,,,,,,0,0,0,0,0,0,0,0,0,,,,,,,0,N,,N,Y,,,,,,,,,,,,,,,0,0,0,0,0,0,0,0,0,0,0,,0,,0,0,34:51.0,10:51.6,,NULL,NULL
DR,2.12643E+17,2,UGAV,UAT1,SCB,S1GVT6102,UAT1,SCB,5.57756E+15,111,1,R,31,210,0,1,3,2.12643E+17,0,0,260416,93648,53,260416,0,0,0,0,0,0,197,22,0,9E+21,,,,,,,,,,31,0,41,0,0,0,0,0,0,0,0,0,5,F,F,1,NCR S6622 XP,SCB,,,H,0,0,0,0,0,764,0,0,34723282.96,0,0,0,0,0,0,0,3.47233E+18,0,0,0,0,0,0,0,0,0,0,0,,,,,0,0,0,0,0,0,0,0,0,,,,,,,,0,1.70008E+13,17,8,11,0,0,0,5577557613020065=2708              8300,,,83,0,F5,0,00N,N,,,,,,,,,,,,,1.70008E+21,17,8,11,0,0,0,0,0,,,,,,,0,N,,N,N,,,,,,,,,,,,,,,0,0,0,0,0,0,,,,,,,0,,0,0,36:48.0,10:51.6,,NULL,NULL
DR,2.12643E+17,2,UGAV,UAT1,SCB,S1GVT6102,UAT1,SCB,5.57756E+15,111,1,R,31,210,0,1,5,2.12643E+17,2.12643E+17,2.12643E+17,260416,93703,54,260416,0,0,0,0,0,0,198,22,0,9E+21,,,,,,,,,,35,0,1,0,0,4681202362,0,0,0,0,111000000,811,5,T,T,0,NCR S6622 XP,0,I UAT,,H,0,0,0,,0,764,,0,0,,,,0,0,0,0,DATAMEOWI UAT,0,0,0,P,0,0,0,0,0,0,0,,,,,0,0,0,0,0,0,0,0,0,,,,,,,,0,1.70008E+13,17,8,11,0,,111,5577557613020065=2708000000000000008300,0,0,83,0,T5,8,11N,N,,,,,,,,,,,,,1.70008E+21,17,8,11,0,0,0,0,0,,,,,,,0,N,,N,Y,,,,,,,,,,,,,,,0,0,0,0,0,0,0,0,0,0,0,,0,,0,0,37:03.0,10:51.6,,NULL,NULL
DR,2.12643E+17,1,UGAV,UAT1,SCB,S1GVT6102,UAT1,SCB,5.57756E+15,111,1,R,30,210,0,1,5,2.12643E+17,2.12643E+17,2.12643E+17,260416,93743,0,260416,0,0,0,0,0,0,200,22,0,9E+21,,,,,,,,,,20,0,1,0,0,4681202362,0,7500,25850,225850,111000000,813,5,T,T,0,NCR S6622 XP,15000000,I UAT,,H,0,0,0,,0,764,,0.0000015,0,,,15000,0,0,15,0,DATAMEOWI UAT,0,0,0,P,0,0,0,0,1,0,0,,,,,0,0,0,0,0,0,0,0,0,,,,,,,,0,1.70008E+13,17,8,11,0,,111,5577557613020065=2708000000000000008300,0,0,83,0,T5,8,13N,N,,,,,,,,,,,,,1.70008E+21,17,8,11,0,0,0,0,0,,,,,,,0,N,,N,Y,,,,,,,,,,,,,,,0,0,0,0,0,0,0,0,0,0,0,,0,,0,0,37:43.0,10:51.6,,NULL,NULL
DR,2.12643E+17,2,UGAV,UAT1,SCB,S1GVT6102,UAT1,SCB,5.57756E+15,111,1,R,31,210,0,1,3,2.12643E+17,0,0,260416,93822,82,260416,0,0,0,0,0,0,201,22,0,9E+21,,,,,,,,,,31,0,41,0,0,0,0,0,0,0,0,0,5,F,F,1,NCR S6622 XP,SCB,,,H,0,0,0,0,0,764,0,0,34723282.96,0,0,0,0,0,0,0,3.47233E+18,0,0,0,0,0,0,0,0,0,0,0,,,,,0,0,0,0,0,0,0,0,0,,,,,,,,0,1.70008E+13,17,8,11,0,0,0,5577557613020065=2708              8300,,,83,0,F5,0,00N,N,,,,,,,,,,,,,1.70008E+21,17,8,11,0,0,0,0,0,,,,,,,0,N,,N,N,,,,,,,,,,,,,,,0,0,0,0,0,0,,,,,,,0,,0,0,38:22.0,10:51.6,,NULL,NULL
DR,2.12643E+17,2,UGAV,UAT1,SCB,S1GVT6102,UAT1,SCB,5.57756E+15,111,1,R,31,210,0,1,5,2.12643E+17,2.12643E+17,2.12643E+17,260416,93832,63,260416,0,0,0,0,0,0,202,22,0,9E+21,,,,,,,,,,30,1,0,4681202362,0,0,0,0,25850,225850,0,814,5,T,T,0,NCR S6622 XP,0,,,H,0,0,0,,0,764,0,0,34723282.96,0,0,0,0,0,0,0,3.47233E+18,0,0,0,P,0,0,0,0,0,0,0,,,,,0,0,0,0,0,0,0,0,0,,,,,,,,0,1.70008E+13,17,8,11,0,111,,5577557613020065=2708000000000000008300,0,0,83,0,T5,8,14N,N,,,,,,,,,,,,,1.70008E+21,17,8,11,0,0,0,0,0,,,,,,,0,N,,N,Y,,,,,,,,,,,,,,,0,0,0,0,0,0,,,,,,,0,,0,0,38:32.0,10:51.6,1,NULL,NULL
DR,2.12643E+17,1,UGAV,UAT1,SCB,S1GVT6102,UAT1,SCB,5.57756E+15,111,1,R,31,210,0,1,5,2.12643E+17,2.12643E+17,2.12643E+17,260416,93855,5,260416,0,0,0,0,0,0,203,22,0,9E+21,,,,,,,,,,10,11,0,4310201285,0,0,0,1900,941740.69,941740.69,0,815,5,T,T,0,NCR S6622 XP,0,,,H,0,0,0,,0,764,0,0,34723282.96,0,0,0,0,0,0,0,3.47233E+18,0,0,0,P,0,0,0,0,0,0,0,,,,,0,0,0,0,0,0,0,0,0,,,,,,,,0,1.70008E+13,17,8,11,0,111,,5577557613020065=2708000000000000008300,0,0,83,0,T5,8,15N,N,,,,,,,,,,,,,1.70008E+21,17,8,11,0,0,0,0,0,,,,,,,0,N,,N,Y,,,,,,,,,,,,,,,0,0,0,0,0,0,,,,,,,0,,0,0,38:55.0,10:51.6,1,NULL,NULL
DR,2.12643E+17,2,UGAV,UAT1,SCB,S1GVT612U,UAT1,SCB,5.57756E+15,111,1,R,31,210,0,1,3,2.12643E+17,0,0,260416,93959,91,260416,0,0,0,0,0,0,5365,22,0,9E+21,,,,,,,,,,31,0,41,0,0,0,0,0,0,0,0,0,5,F,F,1,NCR S6622 XP,SCB,|,,H,0,0,0,0,0,764,0,0,34723282.96,0,0,0,0,0,0,0,3.47233E+18,0,0,0,0,0,0,0,0,0,0,0,,,,,0,0,0,0,0,0,0,0,0,,,,,,,,0,3.30018E+13,33,18,529,10,0,0,5577557613021139=2708              4500,,,45,0,F5,0,00N,N,,,,,,,,,,,,,3.30018E+21,33,18,529,10,12,17,0,0,,,,,,,0,N,,N,N,,,,,,,,,,,,,,,0,0,0,0,0,0,,,,,,,0,,0,0,39:59.0,10:51.6,,NULL,NULL
DR,2.12643E+17,2,UGAV,UAT1,SCB,S1GVT612U,UAT1,SCB,5.57756E+15,111,1,R,31,210,0,1,5,2.12643E+17,2.12643E+17,2.12643E+17,260416,94012,13,260416,0,0,0,0,0,0,5366,22,0,9E+21,,,,,,,,,,30,1,0,5013248281,0,0,0,0,56546.3,56546.3,0,582,5,T,T,0,NCR S6622 XP,0,|,,H,0,0,0,,0,764,0,0,34723282.96,0,0,0,0,0,0,0,3.47233E+18,0,0,0,P,0,0,0,0,0,0,0,,,,,0,0,0,0,0,0,0,0,0,,,,,,,,0,3.30018E+13,33,18,529,10,501,,5577557613021139=2708000000000000004500,0,0,45,0,T5,5,82N,N,,,,,,,,,,,,,3.30018E+21,33,18,529,10,12,17,0,0,,,,,,,0,N,,N,Y,,,,,,,,,,,,,,,0,0,0,0,0,0,,,,,,,0,,0,0,40:12.0,10:51.6,1,NULL,NULL
DR,2.12643E+17,1,UAAM,UAT1,SCB,S1A365340,UAT1,SCB,5.57756E+15,395,1,M,31,210,0,1,3,2.12643E+17,0,0,260416,94019,39,260416,0,0,0,0,0,0,6219,30,0,9E+21,,,,,,,,,,10,11,1,4310201285,0,4681202362,2,1737.5,0,0,0,816,5,T,T,56,DIEBOLD 520 MCC WIN7,0,B *,ฑ,H,0,0,0,,0,764,840,34.74999,50,0,0,0,0,0,0,0,3.47233E+18,0,0,0,0,0,0,0,0,0,0,0,,,,,0,0,0,0,0,0,0,0,0,,,,,,,,0,6.60042E+13,66,42,180,25,111,111,5577557613020065=2708000000000000008300,0,0,83,0,0,0,MCC,,,,,,,,,,,,,,0,0,0,0,0,0,0,0,0,,,,,,,,,,N,Y,,,,,,,,,,,,,,,0,0,0,0,0,0,,,,,,,0,,0,0,40:19.0,10:51.6,1,NULL,NULL
DR,2.12643E+17,1,UGAV,UAT1,SCB,S1GVT612U,UAT1,SCB,5.57756E+15,111,1,R,31,210,0,1,5,2.12643E+17,2.12643E+17,2.12643E+17,260416,94030,96,260416,0,0,0,0,0,0,5367,22,0,9E+21,,,,,,,,,,10,11,0,3612841696,0,0,0,1200,492998.25,492998.25,0,583,5,T,T,0,NCR S6622 XP,0,|,,H,0,0,0,,0,764,0,0,34723282.96,0,0,0,0,0,0,0,3.47233E+18,0,0,0,P,0,0,0,0,0,0,0,,,,,1.5E+13,15,0,0,0,0,0,0,0,,,,,,,,0,3.30018E+13,33,18,529,10,501,,5577557613021139=2708000000000000004500,0,0,45,0,T5,5,83N,N,,,,,,,,,,,,,3.30018E+21,33,18,529,10,12,17,0,0,,,,,,,0,N,,N,Y,,,,,,,,,,,,,,,0,0,0,0,0,0,,,,,,,0,,0,0,40:30.0,10:51.6,1,NULL,NULL
DR,2.12643E+17,1,UAAM,UAT1,SCB,S1A365340,UAT1,SCB,5.57756E+15,395,1,M,31,210,0,1,3,2.12643E+17,0,0,260416,94047,45,260416,0,0,0,0,0,0,6220,30,0,9E+21,,,,,,,,,,10,11,1,4310201285,0,4681202362,2,1777.5,0,0,0,817,5,T,T,56,DIEBOLD 520 MCC WIN7,0,B *,ฑ,H,0,0,0,,0,764,978,35.54999,50,0,0,0,0,0,0,0,3.47233E+18,0,0,0,0,0,0,0,0,0,0,0,,,,,0,0,0,0,0,0,0,0,0,,,,,,,,0,6.60042E+13,66,42,180,25,111,111,5577557613020065=2708000000000000008300,0,0,83,0,0,0,MCC,,,,,,,,,,,,,,0,0,0,0,0,0,0,0,0,,,,,,,,,,N,Y,,,,,,,,,,,,,,,0,0,0,0,0,0,,,,,,,0,,0,0,40:47.0,10:51.6,1,NULL,NULL
DR,2.12643E+17,2,UGAV,UAT1,SCB,S1GVT612U,UAT1,SCB,5.57756E+15,111,1,R,31,210,0,1,3,2.12643E+17,0,0,260416,94119,98,260416,0,0,0,0,0,0,5368,22,0,9E+21,,,,,,,,,,31,0,41,0,0,0,0,0,0,0,0,0,5,F,F,1,NCR S6622 XP,SCB,#,,H,0,0,0,0,0,764,0,0,34723282.96,0,0,0,0,0,0,0,3.47233E+18,0,0,0,0,0,0,0,0,0,0,0,,,,,0,0,0,0,0,0,0,0,0,,,,,,,,0,3.50018E+13,35,18,530,10,0,0,5577557613021139=2708              4500,,,45,0,F5,0,00N,N,,,,,,,,,,,,,3.50018E+21,35,18,530,10,12,17,0,0,,,,,,,0,N,,N,N,,,,,,,,,,,,,,,0,0,0,0,0,0,,,,,,,0,,0,0,41:19.0,10:51.6,,NULL,NULL
DR,2.12643E+17,2,UGAV,UAT1,SCB,S1GVT612U,UAT1,SCB,5.57756E+15,111,1,R,31,210,0,1,5,2.12643E+17,2.12643E+17,2.12643E+17,260416,94128,40,260416,0,0,0,0,0,0,5369,22,0,9E+21,,,,,,,,,,35,0,1,0,0,5013248281,0,0,0,0,501000000,584,5,T,T,0,NCR S6622 XP,0,AT        #,,H,0,0,0,,0,764,,0,0,,,,0,0,0,0,TESTFISUAT,0,0,0,P,0,0,0,0,0,0,0,,,,,0,0,0,0,0,0,0,0,0,,,,,,,,0,3.50018E+13,35,18,530,10,,501,5577557613021139=2708000000000000004500,0,0,45,0,T5,5,84N,N,,,,,,,,,,,,,3.50018E+21,35,18,530,10,12,17,0,0,,,,,,,0,N,,N,Y,,,,,,,,,,,,,,,0,0,0,0,0,0,0,0,0,0,0,,0,,0,0,41:28.0,10:51.6,,NULL,NULL
DR,2.12643E+17,1,UGAV,UAT1,SCB,S1GVT612U,UAT1,SCB,5.57756E+15,111,1,R,30,210,0,1,5,2.12643E+17,2.12643E+17,2.12643E+17,260416,94220,3,260416,0,0,0,0,0,0,5371,22,0,9E+21,,,,,,,,,,20,0,1,0,0,5013248281,0,1800,72306.3,72306.3,501000000,586,5,T,T,0,NCR S6622 XP,1001003000,AT        #,,H,0,0,0,,0,764,,0.0003001,0,,,3001001,0,3,1,1,TESTFISUAT,0,0,0,P,0,0,0,0,1,0,0,,,,,2E+13,20,10,0,0,0,0,0,0,,,,,,,,0,3.50018E+13,35,18,530,10,,501,5577557613021139=2708000000000000004500,0,0,45,0,T5,5,86N,N,,,,,,,,,,,,,3.50018E+21,35,18,530,10,12,17,0,0,,,,,,,0,N,,N,Y,,,,,,,,,,,,,,,0,0,0,0,0,0,0,0,0,0,0,,0,,0,0,42:20.0,10:51.6,,NULL,NULL
DR,2.12643E+17,2,UGAV,UAT1,SCB,S1GVT612U,UAT1,SCB,1.481E+13,111,1,R,31,210,0,1,3,2.12643E+17,0,0,260416,94305,65,260416,0,0,0,0,0,0,5372,22,0,9E+21,,,,,,,,,,31,0,41,0,0,0,0,0,0,0,0,0,5,0,0,1,NCR S6622 XP,SCB,#,,H,0,0,0,0,0,764,0,0,34723282.96,0,0,0,0,0,0,0,3.47233E+18,0,0,0,0,0,0,0,0,0,0,0,,,,,0,0,0,0,0,0,0,0,0,,,,,,,,0,3.50018E+13,35,18,530,10,0,0,0014810030910612=1299              0000,,,0,0,5,0,00N,N,,,,,,,,,,,,,3.50018E+21,35,18,530,10,12,17,0,0,,,,,,,0,N,,N,N,,,,,,,,,,,,,,,0,0,0,0,0,0,,,,,,,0,,0,0,43:05.0,10:51.6,,NULL,NULL
DR,2.12643E+17,1,UAAM,UAT1,SCB,S1A365340,UAT1,SCB,5.57756E+15,395,1,M,31,210,0,1,3,2.12643E+17,0,0,260416,94312,97,260416,0,0,0,0,0,0,6221,30,0,9E+21,,,,,,,,,,10,11,1,3612841696,0,5013248281,2,1737.5,0,0,0,587,5,T,T,60,DIEBOLD 520 MCC WIN7,0,B *,ฑ,H,0,0,0,,0,764,840,34.74999,50,0,0,0,0,0,0,0,3.47233E+18,0,0,0,0,0,0,0,0,0,0,0,,,,,0,0,0,0,0,0,0,0,0,,,,,,,,0,6.60042E+13,66,42,180,25,501,501,5577557613021139=2708000000000000004500,0,0,45,0,0,0,MCC,,,,,,,,,,,,,,0,0,0,0,0,0,0,0,0,,,,,,,,,,N,Y,,,,,,,,,,,,,,,0,0,0,0,0,0,,,,,,,0,,0,0,43:12.0,10:51.6,1,NULL,NULL
DR,2.12643E+17,1,UAAM,UAT1,SCB,S1A365340,UAT1,SCB,5.57756E+15,395,1,M,31,210,0,1,3,2.12643E+17,0,0,260416,94339,16,260416,0,0,0,0,0,0,6222,30,0,9E+21,,,,,,,,,,10,11,1,3612841696,0,5013248281,2,1777.5,0,0,0,588,5,T,T,60,DIEBOLD 520 MCC WIN7,0,B *,ฑ,H,0,0,0,,0,764,978,35.54999,50,0,0,0,0,0,0,0,3.47233E+18,0,0,0,0,0,0,0,0,0,0,0,,,,,0,0,0,0,0,0,0,0,0,,,,,,,,0,6.60042E+13,66,42,180,25,501,501,5577557613021139=2708000000000000004500,0,0,45,0,0,0,MCC,,,,,,,,,,,,,,0,0,0,0,0,0,0,0,0,,,,,,,,,,N,Y,,,,,,,,,,,,,,,0,0,0,0,0,0,,,,,,,0,,0,0,43:39.0,10:51.6,1,NULL,NULL
DR,2.12643E+17,1,UAAM,UAT1,SCB,S1A365340,UAT1,SCB,5.57756E+15,395,1,M,31,210,0,1,3,2.12643E+17,0,0,260416,94509,97,260416,0,0,0,0,0,0,6223,30,0,9E+21,,,,,,,,,,10,0,0,0,0,0,2,2680,0,0,0,589,5,T,T,53,DIEBOLD 520 MCC WIN7,0,B *,ฑ,H,0,0,0,,0,764,392,0.268,100,0,0,0,0,0,0,0,3.47233E+18,0,0,0,0,0,0,0,0,0,0,0,,,,,0,0,0,0,0,0,0,0,0,,,,,,,,0,6.60042E+13,66,42,180,25,0,0,5577557613021139=2708000000000000004500,0,0,45,0,0,0,MCC,,,,,,,,,,,,,,0,0,0,0,0,0,0,0,0,,,,,,,,,,N,N,,,,,,,,,,,,,,,0,0,0,0,0,0,,,,,,,0,,0,0,45:09.0,10:51.6,1,NULL,NULL
DR,2.12643E+17,1,UAAM,UAT1,SCB,S1A365340,UAT1,SCB,5.57756E+15,395,1,M,31,210,0,1,3,2.12643E+17,0,0,260416,94520,47,260416,0,0,0,0,0,0,6224,30,0,9E+21,,,,,,,,,,10,0,0,0,0,0,2,2680,0,0,0,590,5,T,T,53,DIEBOLD 520 MCC WIN7,0,B *,ฑ,H,0,0,0,,0,764,392,0.268,100,0,0,0,0,0,0,0,3.47233E+18,0,0,0,0,0,0,0,0,0,0,0,,,,,0,0,0,0,0,0,0,0,0,,,,,,,,0,6.60042E+13,66,42,180,25,0,0,5577557613021139=2708000000000000004500,0,0,45,0,0,0,MCC,,,,,,,,,,,,,,0,0,0,0,0,0,0,0,0,,,,,,,,,,N,N,,,,,,,,,,,,,,,0,0,0,0,0,0,,,,,,,0,,0,0,45:20.0,10:51.6,1,NULL,NULL
DR,2.12643E+17,1,UAAM,UAT1,SCB,S1A365340,UAT1,SCB,5.57756E+15,395,1,M,31,210,0,1,3,2.12643E+17,0,0,260416,94528,17,260416,0,0,0,0,0,0,6225,30,0,9E+21,,,,,,,,,,10,11,1,3612841696,0,5013248281,2,2680,0,0,0,591,5,T,T,60,DIEBOLD 520 MCC WIN7,0,B *,ฑ,H,0,0,0,,0,764,392,0.268,100,0,0,0,0,0,0,0,3.47233E+18,0,0,0,0,0,0,0,0,0,0,0,,,,,0,0,0,0,0,0,0,0,0,,,,,,,,0,6.60042E+13,66,42,180,25,501,501,5577557613021139=2708000000000000004500,0,0,45,0,0,0,MCC,,,,,,,,,,,,,,0,0,0,0,0,0,0,0,0,,,,,,,,,,N,Y,,,,,,,,,,,,,,,0,0,0,0,0,0,,,,,,,0,,0,0,45:28.0,10:51.6,1,NULL,NULL
DR,2.12643E+17,2,UGAV,UAT1,SCB,S1GVT6102,UAT1,SCB,1.481E+13,111,1,R,31,210,0,1,3,2.12643E+17,0,0,260416,94607,74,260416,0,0,0,0,0,0,204,22,0,9E+21,,,,,,,,,,31,0,41,0,0,0,0,0,0,0,0,0,5,0,0,1,NCR S6622 XP,SCB,,,H,0,0,0,0,0,764,0,0,34723282.96,0,0,0,0,0,0,0,3.47233E+18,0,0,0,0,0,0,0,0,0,0,0,,,,,0,0,0,0,0,0,0,0,0,,,,,,,,0,2.10009E+13,21,9,12,0,0,0,0014810030910612=1299              0000,,,0,0,5,0,00N,N,,,,,,,,,,,,,2.10009E+21,21,9,12,0,0,0,0,0,,,,,,,0,N,,N,N,,,,,,,,,,,,,,,0,0,0,0,0,0,,,,,,,0,,0,0,46:07.0,10:51.6,,NULL,NULL
DR,2.12643E+17,2,UGAR,UAT1,SCB,S1GCR6931,UAT1,SCB,1.481E+13,501,501,R,31,210,0,1,3,2.12643E+17,0,0,260416,100020,76,260416,0,0,0,0,0,0,8683,30,0,9E+21,,,,,,,,,,31,0,41,0,0,0,0,0,0,0,0,0,5,,,1,HITACHI ADM2 XP,SIAM COMERCIAL,?,,#H,0,0,0,0,0,764,0,0,34723282.96,0,0,0,0,0,0,0,3.47233E+18,0,0,0,0,0,0,0,0,0,0,0,,,,,0,0,0,0,0,0,0,0,0,,,,,,,,0,6.30022E+13,63,22,156,35,0,0,0014810030910612=1299              0000,,,0,0,5,0,00N,N,,,,,,,,,,,,,0,0,0,0,0,0,0,0,0,,,,,,,0,N,,N,N,,,,,,,,,,,,,,,0,0,0,0,0,0,,,,,,,0,,0,0,00:20.0,10:51.6,,NULL,NULL
DR,2.12643E+17,2,UGAA,UAT1,SCB,S1G365310,UAT1,SCB,1.481E+13,111,1,N,31,210,0,1,3,2.12643E+17,0,0,260416,100241,98,260416,0,0,0,0,0,0,870,22,0,9E+21,,,,,,,,,,31,0,41,0,0,0,0,0,0,0,0,0,5,0,0,1,NCR S6622E XP'S(ATM)@,SCB,8:00,v,H,0,0,0,0,0,764,0,0,34723282.96,0,0,0,0,0,0,0,3.47233E+18,0,0,0,0,0,0,0,0,0,0,0,,,,,0,0,0,0,0,0,0,0,0,,,,,,,,0,5.60058E+13,56,58,118,0,0,0,0014810030910612=1299              0000,,,0,0,5,0,00N,N,,,,,,,,,,,,,0,0,0,0,0,0,0,0,0,,,,,,,0,N,,N,N,,,,,,,,,,,,,,,0,0,0,0,0,0,,,,,,,0,,0,0,02:41.0,10:51.6,,NULL,NULL
DR,2.12643E+17,2,UGAR,UAT1,SCB,S1GCR6944,UAT1,SCB,1.481E+13,111,1,R,31,210,0,1,3,2.12643E+17,0,0,260416,100408,81,260416,0,0,0,0,0,0,6448,30,0,9E+21,,,,,,,,,,31,0,41,0,0,0,0,0,0,0,0,0,5,,,1,HITACHI ADM2 XP,SIAM COMERCIAL,#,,5H,0,0,0,0,0,764,0,0,34723282.96,0,0,0,0,0,0,0,3.47233E+18,0,0,0,0,0,0,0,0,0,0,0,,,,,0,0,0,0,0,0,0,0,0,,,,,,,,0,3.0035E+12,3,35,19,53,0,0,0014810030910612=1299              0000,,,0,0,5,0,00N,N,,,,,,,,,,,,,0,0,0,0,0,0,0,0,0,,,,,,,0,N,,N,N,,,,,,,,,,,,,,,0,0,0,0,0,0,,,,,,,0,,0,0,04:08.0,10:51.6,,NULL,NULL
DR,2.12643E+17,1,UAAM,UAT1,SCB,S1A365340,UAT1,SCB,5.57756E+15,395,1,M,31,210,0,1,3,2.12643E+17,0,0,260416,101053,72,260416,0,0,0,0,0,0,6226,30,0,9E+21,,,,,,,,,,10,11,1,3612841696,0,5013248281,2,1737.5,0,0,0,592,5,T,T,60,DIEBOLD 520 MCC WIN7,0,B *,ฑ,H,0,0,0,,0,764,840,34.74999,50,0,0,0,0,0,0,0,3.47233E+18,0,0,0,0,0,0,0,0,0,0,0,,,,,0,0,0,0,0,0,0,0,0,,,,,,,,0,6.60042E+13,66,42,180,25,501,501,5577557613021139=2708000000000000004500,0,0,45,0,0,0,MCC,,,,,,,,,,,,,,0,0,0,0,0,0,0,0,0,,,,,,,,,,N,Y,,,,,,,,,,,,,,,0,0,0,0,0,0,,,,,,,0,,0,0,10:53.0,10:51.6,1,NULL,NULL
DR,2.12643E+17,1,UAAM,UAT1,SCB,S1A365340,UAT1,SCB,5.57756E+15,395,1,M,31,210,0,1,3,2.12643E+17,0,0,260416,101135,80,260416,0,0,0,0,0,0,6227,30,0,9E+21,,,,,,,,,,10,11,1,3612841696,0,5013248281,2,2680,0,0,0,593,5,T,T,60,DIEBOLD 520 MCC WIN7,0,B *,ฑ,H,0,0,0,,0,764,392,0.268,100,0,0,0,0,0,0,0,3.47233E+18,0,0,0,0,0,0,0,0,0,0,0,,,,,0,0,0,0,0,0,0,0,0,,,,,,,,0,6.60042E+13,66,42,180,25,501,501,5577557613021139=2708000000000000004500,0,0,45,0,0,0,MCC,,,,,,,,,,,,,,0,0,0,0,0,0,0,0,0,,,,,,,,,,N,Y,,,,,,,,,,,,,,,0,0,0,0,0,0,,,,,,,0,,0,0,11:35.0,10:51.6,1,NULL,NULL
DR,2.12643E+17,1,UAAM,UAT1,SCB,S1A365340,UAT1,SCB,5.57756E+15,395,1,M,31,210,0,1,3,2.12643E+17,0,0,260416,101519,5,260416,0,0,0,0,0,0,6228,30,0,9E+21,,,,,,,,,,10,11,1,3612841696,0,5013248281,2,2680,0,0,0,594,5,T,T,60,DIEBOLD 520 MCC WIN7,0,B *,ฑ,H,0,0,0,,0,764,392,0.268,100,0,0,0,0,0,0,0,3.47233E+18,0,0,0,0,0,0,0,0,0,0,0,,,,,0,0,0,0,0,0,0,0,0,,,,,,,,0,6.60042E+13,66,42,180,25,501,501,5577557613021139=2708000000000000004500,0,0,45,0,0,0,MCC,,,,,,,,,,,,,,0,0,0,0,0,0,0,0,0,,,,,,,,,,N,Y,,,,,,,,,,,,,,,0,0,0,0,0,0,,,,,,,0,,0,0,15:19.0,10:51.7,1,NULL,NULL
DR,2.12643E+17,2,UGAV,UAT1,SCB,S1GVT6102,UAT1,SCB,5.57756E+15,111,1,R,31,210,0,1,3,2.12643E+17,0,0,260416,101539,78,260416,0,0,0,0,0,0,206,22,0,9E+21,,,,,,,,,,31,0,41,0,0,0,0,0,0,0,0,0,5,F,F,1,NCR S6622 XP,SCB,,,H,0,0,0,0,0,764,0,0,34723282.96,0,0,0,0,0,0,0,3.47233E+18,0,0,0,0,0,0,0,0,0,0,0,,,,,0,0,0,0,0,0,0,0,0,,,,,,,,0,2.10009E+13,21,9,12,0,0,0,5577557613021139=2708              4500,,,45,0,F5,0,00N,N,,,,,,,,,,,,,2.10009E+21,21,9,12,0,0,0,0,0,,,,,,,0,N,,N,N,,,,,,,,,,,,,,,0,0,0,0,0,0,,,,,,,0,,0,0,15:39.0,10:51.6,,NULL,NULL
DR,2.12643E+17,1,UGAV,UAT1,SCB,S1GVT6102,UAT1,SCB,5.57756E+15,111,1,R,31,210,0,1,5,2.12643E+17,2.12643E+17,2.12643E+17,260416,101549,40,260416,0,0,0,0,0,0,207,22,0,9E+21,,,,,,,,,,10,11,0,3612841696,0,0,0,10000,482983.25,482983.25,0,595,5,T,T,0,NCR S6622 XP,0,,,H,0,0,0,,0,764,0,0,34723282.96,0,0,0,0,0,0,0,3.47233E+18,0,0,0,P,0,0,0,0,0,0,0,,,,,1.5E+13,15,0,0,0,0,0,0,0,,,,,,,,0,2.10009E+13,21,9,12,0,501,,5577557613021139=2708000000000000004500,0,0,45,0,T5,5,95N,N,,,,,,,,,,,,,2.10009E+21,21,9,12,0,0,0,0,0,,,,,,,0,N,,N,Y,,,,,,,,,,,,,,,0,0,0,0,0,0,,,,,,,0,,0,0,15:49.0,10:51.6,1,NULL,NULL
DR,2.12643E+17,1,UAAM,UAT1,SCB,S1A365340,UAT1,SCB,5.57756E+15,395,1,M,31,210,0,1,3,2.12643E+17,0,0,260416,102128,11,260416,0,0,0,0,0,0,6229,30,0,9E+21,,,,,,,,,,10,11,1,3612841696,0,5013248281,2,1737.5,0,0,0,596,5,T,T,60,DIEBOLD 520 MCC WIN7,0,B *,ฑ,H,0,0,0,,0,764,840,34.74999,50,0,0,0,0,0,0,0,3.47233E+18,0,0,0,0,0,0,0,0,0,0,0,,,,,0,0,0,0,0,0,0,0,0,,,,,,,,0,6.60042E+13,66,42,180,25,501,501,5577557613021139=2708000000000000004500,0,0,45,0,0,0,MCC,,,,,,,,,,,,,,0,0,0,0,0,0,0,0,0,,,,,,,,,,N,Y,,,,,,,,,,,,,,,0,0,0,0,0,0,,,,,,,0,,0,0,21:28.0,10:51.7,1,NULL,NULL
DR,2.12643E+17,1,UAAM,UAT1,SCB,S1A365340,UAT1,SCB,5.57756E+15,395,1,M,31,210,0,1,3,2.12643E+17,0,0,260416,102136,67,260416,0,0,0,0,0,0,6230,30,0,9E+21,,,,,,,,,,10,11,1,3612841696,0,5013248281,2,6950,0,0,0,597,5,T,T,60,DIEBOLD 520 MCC WIN7,0,B *,ฑ,H,0,0,0,,0,764,840,34.74999,200,0,0,0,0,0,0,0,3.47233E+18,0,0,0,0,0,0,0,0,0,0,0,,,,,0,0,0,0,0,0,0,0,0,,,,,,,,0,6.60042E+13,66,42,180,25,501,501,5577557613021139=2708000000000000004500,0,0,45,0,0,0,MCC,,,,,,,,,,,,,,0,0,0,0,0,0,0,0,0,,,,,,,,,,N,Y,,,,,,,,,,,,,,,0,0,0,0,0,0,,,,,,,0,,0,0,21:36.0,10:51.7,1,NULL,NULL
DR,2.12643E+17,2,UGAV,UAT1,SCB,S1GVT612U,UAT1,SCB,5.57756E+15,111,1,R,31,210,0,1,3,2.12643E+17,0,0,260416,102211,31,260416,0,0,0,0,0,0,5374,22,0,9E+21,,,,,,,,,,31,0,41,0,0,0,0,0,0,0,0,0,5,F,F,1,NCR S6622 XP,SCB,#,,H,0,0,0,0,0,764,0,0,34723282.96,0,0,0,0,0,0,0,3.47233E+18,0,0,0,0,0,0,0,0,0,0,0,,,,,0,0,0,0,0,0,0,0,0,,,,,,,,0,3.50018E+13,35,18,530,10,0,0,5577557613021139=2708              4500,,,45,0,F5,0,00N,N,,,,,,,,,,,,,3.50018E+21,35,18,530,10,12,17,0,0,,,,,,,0,N,,N,N,,,,,,,,,,,,,,,0,0,0,0,0,0,,,,,,,0,,0,0,22:11.0,10:51.6,,NULL,NULL
DR,2.12643E+17,2,UGAV,UAT1,SCB,S1GVT612U,UAT1,SCB,5.57756E+15,111,1,R,31,210,0,1,5,2.12643E+17,2.12643E+17,2.12643E+17,260416,102216,32,260416,0,0,0,0,0,0,5375,22,0,9E+21,,,,,,,,,,30,11,0,3612841696,0,0,0,0,499043.25,499043.25,0,599,5,T,T,0,NCR S6622 XP,0,#,,H,0,0,0,,0,764,0,0,34723282.96,0,0,0,0,0,0,0,3.47233E+18,0,0,0,P,0,0,0,0,0,0,0,,,,,0,0,0,0,0,0,0,0,0,,,,,,,,0,3.50018E+13,35,18,530,10,501,,5577557613021139=2708000000000000004500,0,0,45,0,T5,5,99N,N,,,,,,,,,,,,,3.50018E+21,35,18,530,10,12,17,0,0,,,,,,,0,N,,N,Y,,,,,,,,,,,,,,,0,0,0,0,0,0,,,,,,,0,,0,0,22:16.0,10:51.6,1,NULL,NULL
DR,2.12643E+17,1,UAAM,UAT1,SCB,S1A365340,UAT1,SCB,5.57756E+15,395,1,M,31,210,0,1,5,2.12643E+17,2.12643E+17,2.12643E+17,260416,102229,18,260416,0,0,0,0,0,0,6231,30,0,9E+21,,,,,,,,,,10,11,0,3612967808,0,0,2,3475,73167.41,73167.41,0,106,5,T,T,0,DIEBOLD 520 MCC WIN7,0,B *,ฑ,H,0,0,0,,0,764,840,34.74999,100,0,0,0,0,0,0,0,3.47233E+18,0,0,0,P,0,0,0,0,0,0,0,,,,,1000,0,0,1,0,0,0,0,0,,,,,,,,0,6.60042E+13,66,42,180,25,501,,5577557300397651=3107000000000000000000,0,0,0,0,0,0,MCC,,,,,,,,,,,,,,0,0,0,0,0,0,0,0,0,,,,,,,,,,N,Y,,,,,,,,,,,,,,,0,0,0,0,0,0,,,,,,,0,,0,0,22:29.0,10:51.7,1,NULL,NULL
DR,2.12643E+17,1,UAAM,UAT1,SCB,S1A365340,UAT1,SCB,5.57756E+15,395,1,M,31,420,0,1,5,2.12643E+17,2.12643E+17,2.12643E+17,260416,102229,18,260416,0,0,0,0,0,0,6231,30,0,9E+21,,,,,,,,,,10,11,0,3612967808,0,0,2,3475,0,0,0,106,5,T,T,0,DIEBOLD 520 MCC WIN7,0,B *,ฑ,H,0,0,0,,0,764,840,34.74999,100,0,0,0,0,0,0,0,3.47233E+18,8,0,0,P,0,0,0,0,0,0,0,,,,,1000,0,0,1,0,0,0,0,0,,,,,,,,0,6.60042E+13,66,42,180,25,501,,5577557300397651=3107000000000000000000,0,0,0,0,0,0,MCC,,,,,,,,,,,,,,0,0,0,0,0,0,0,0,0,,,,,,,,,,N,Y,,,,,,,,,,,,,,,0,0,0,0,0,0,,,,,,,0,,0,0,22:29.0,10:51.7,1,NULL,NULL
DR,2.12643E+17,1,UAAM,UAT1,SCB,S1A365340,UAT1,SCB,5.57756E+15,395,1,M,31,210,0,1,5,2.12643E+17,2.12643E+17,2.12643E+17,260416,102324,99,260416,0,0,0,0,0,0,6232,30,0,9E+21,,,,,,,,,,10,11,0,3612967808,0,0,2,5212.5,71429.91,71429.91,0,107,5,T,T,0,DIEBOLD 520 MCC WIN7,0,B *,ฑ,H,0,0,0,,0,764,840,34.74999,150,0,0,0,0,0,0,0,3.47233E+18,0,0,0,P,0,0,0,0,0,0,0,,,,,1000,0,0,1,0,0,0,0,0,,,,,,,,0,6.60042E+13,66,42,180,25,501,,5577557300397651=3107000000000000000000,0,0,0,0,0,0,MCC,,,,,,,,,,,,,,0,0,0,0,0,0,0,0,0,,,,,,,,,,N,Y,,,,,,,,,,,,,,,0,0,0,0,0,0,,,,,,,0,,0,0,23:24.0,10:51.7,1,NULL,NULL
DR,2.12643E+17,1,UAAM,UAT1,SCB,S1A365340,UAT1,SCB,5.57756E+15,395,1,M,31,210,0,1,3,2.12643E+17,0,0,260416,102411,39,260416,0,0,0,0,0,0,6233,30,0,9E+21,,,,,,,,,,10,0,0,0,1,0,2,3555,0,0,0,108,5,T,T,53,DIEBOLD 520 MCC WIN7,0,E *,ฑ,H,0,0,0,,0,764,978,35.54999,100,0,0,0,0,0,0,0,3.47233E+18,0,0,0,0,0,0,0,0,0,0,0,,,,,0,0,0,0,0,0,0,0,0,,,,,,,,0,6.90042E+13,69,42,180,25,0,0,5577557300397651=3107000000000000000000,0,0,0,0,0,0,MCC,,,,,,,,,,,,,,0,0,0,0,0,0,0,0,0,,,,,,,,,,N,N,,,,,,,,,,,,,,,0,0,0,0,0,0,,,,,,,0,,0,0,24:11.0,10:51.7,1,NULL,NULL
DR,2.12643E+17,1,UAAM,UAT1,SCB,S1A365340,UAT1,SCB,5.57756E+15,395,1,M,31,210,0,1,5,2.12643E+17,2.12643E+17,2.12643E+17,260416,102418,26,260416,0,0,0,0,0,0,6234,30,0,9E+21,,,,,,,,,,10,11,0,3612967808,0,0,2,3555,67874.91,67874.91,0,109,5,T,T,0,DIEBOLD 520 MCC WIN7,0,E *,ฑ,H,0,0,0,,0,764,978,35.54999,100,0,0,0,0,0,0,0,3.47233E+18,0,0,0,P,0,0,0,0,0,0,0,,,,,1000,0,0,1,0,0,0,0,0,,,,,,,,0,6.90042E+13,69,42,180,25,501,,5577557300397651=3107000000000000000000,0,0,0,0,0,0,MCC,,,,,,,,,,,,,,0,0,0,0,0,0,0,0,0,,,,,,,,,,N,Y,,,,,,,,,,,,,,,0,0,0,0,0,0,,,,,,,0,,0,0,24:18.0,10:51.7,1,NULL,NULL
DR,2.12643E+17,1,UAAM,UAT1,SCB,S1A365340,UAT1,SCB,5.57756E+15,395,1,M,31,210,0,1,5,2.12643E+17,2.12643E+17,2.12643E+17,260416,102502,77,260416,0,0,0,0,0,0,6235,30,0,9E+21,,,,,,,,,,10,11,0,3612967808,1,0,2,2680,65194.91,65194.91,0,110,5,T,T,0,DIEBOLD 520 MCC WIN7,0,"E ,",ฑ,H,0,0,0,,0,764,392,0.268,100,0,0,0,0,0,0,0,3.47233E+18,0,0,0,P,0,0,0,0,0,0,0,,,,,1000,0,0,1,0,0,0,0,0,,,,,,,,0,6.90044E+13,69,44,180,25,501,,5577557300397651=3107000000000000000000,0,0,0,0,0,0,MCC,,,,,,,,,,,,,,0,0,0,0,0,0,0,0,0,,,,,,,,,,N,Y,,,,,,,,,,,,,,,0,0,0,0,0,0,,,,,,,0,,0,0,25:02.0,10:51.7,1,NULL,NULL
DR,2.12643E+17,1,UAAM,UAT1,SCB,S1A365340,UAT1,SCB,5.57756E+15,395,1,M,31,210,0,1,5,2.12643E+17,2.12643E+17,2.12643E+17,260416,102546,15,260416,0,0,0,0,0,0,6236,30,0,9E+21,,,,,,,,,,10,11,0,3612967808,1,0,2,2620.88,62574.03,62574.03,0,111,5,T,T,0,DIEBOLD 520 MCC WIN7,0,"E ,",ฑ,H,0,0,0,,0,764,156,5.241752,500,0,0,0,0,0,0,0,3.47233E+18,0,0,0,P,0,0,0,0,0,0,0,,,,,1000,0,0,1,0,0,0,0,0,,,,,,,,0,6.90044E+13,69,44,180,26,501,,5577557300397651=3107000000000000000000,0,0,0,0,0,0,MCC,,,,,,,,,,,,,,0,0,0,0,0,0,0,0,0,,,,,,,,,,N,Y,,,,,,,,,,,,,,,0,0,0,0,0,0,,,,,,,0,,0,0,25:46.0,10:51.7,1,NULL,NULL
DR,2.12643E+17,2,UGAA,UAT1,SCB,B100005B014B0005,UAT1,SCB,1010000071,989,0,N,31,110,12,5,6,2.12643E+17,0,0,260416,103959,0,260416,0,0,0,0,0,260416,2,50,0,1.4001E+20,,,,,,,,,,39,0,0,,0,1010000071,0,1000,0,0,0,0,0,0,0,72,??????????????????????,ORFT-COUNTER SCB,0,0,0,14,22,14,1.40002E+14,0,764,140,0,0,14,2,,0,0,0,0,CB      000000000,0,0,A,P,0,0,0,0,0,0,0,,,,,5E+13,50,0,0,0,0,0,0,00000000000000000000N0,,,,,,,,0,0,0,0,0,0,0,0,5895999999999990=1299ORFT-COUNTER S8507,ORFT-COU,NTER S,85,7,0,0,00N,N,,,,,,,,,,,,,0,0,0,0,0,0,0,0,0,,,,,,,0,N,,N,N,,,,,,,,,,,,,,,0,0,0,0,0,0,,,,,,,0,,0,0,39:59.0,10:51.6,,NULL,NULL
DR,2.12643E+17,2,UGAA,UAT1,SCB,B100005B014B0005,UAT1,SCB,1010000071,989,0,N,31,110,12,5,6,2.12643E+17,0,0,260416,104016,0,260416,0,0,0,0,0,260416,3,50,0,1.4001E+20,,,,,,,,,,39,0,0,,0,1010000071,0,1000,0,0,0,0,0,0,0,72,??????????????????????,ORFT-COUNTER SCB,0,0,0,14,22,14,1.40002E+14,0,764,140,0,0,14,2,,0,0,0,0,CB      000000000,0,0,A,P,0,0,0,0,0,0,0,,,,,5E+13,50,0,0,0,0,0,0,00000000000000000000N0,,,,,,,,0,0,0,0,0,0,0,0,5895999999999990=1299ORFT-COUNTER S8507,ORFT-COU,NTER S,85,7,0,0,00N,N,,,,,,,,,,,,,0,0,0,0,0,0,0,0,0,,,,,,,0,N,,N,N,,,,,,,,,,,,,,,0,0,0,0,0,0,,,,,,,0,,0,0,40:16.0,10:51.6,,NULL,NULL
DR,2.12643E+17,2,UGAA,UAT1,SCB,B100005B014B0005,UAT1,SCB,1010000071,989,0,N,31,110,12,5,6,2.12643E+17,0,0,260416,104018,0,260416,0,0,0,0,0,260416,4,50,0,1.4001E+20,,,,,,,,,,39,0,0,,0,1010000071,0,1000,0,0,0,0,0,0,0,72,??????????????????????,ORFT-COUNTER SCB,0,0,0,14,22,14,1.40002E+14,0,764,140,0,0,14,2,,0,0,0,0,CB      000000000,0,0,A,P,0,0,0,0,0,0,0,,,,,5E+13,50,0,0,0,0,0,0,00000000000000000000N0,,,,,,,,0,0,0,0,0,0,0,0,5895999999999990=1299ORFT-COUNTER S8507,ORFT-COU,NTER S,85,7,0,0,00N,N,,,,,,,,,,,,,0,0,0,0,0,0,0,0,0,,,,,,,0,N,,N,N,,,,,,,,,,,,,,,0,0,0,0,0,0,,,,,,,0,,0,0,40:18.0,10:51.6,,NULL,NULL
DR,2.12643E+17,2,UGAA,UAT1,SCB,B100005B014B0005,UAT1,SCB,1013024433,989,0,N,31,110,12,5,6,2.12643E+17,0,0,260416,104033,0,260416,0,0,0,0,0,260416,5,50,0,1.4001E+20,,,,,,,,,,39,0,0,,0,1013024433,0,1000,0,0,0,0,0,0,0,72,??????????????????????,ORFT-COUNTER SCB,0,0,0,14,22,14,1.40002E+14,0,764,140,0,0,14,2,,0,0,0,0,CB      000000000,0,0,A,P,0,0,0,0,0,0,0,,,,,5E+13,50,0,0,0,0,0,0,00000000000000000000N0,,,,,,,,0,0,0,0,0,0,0,0,5895999999999990=1299ORFT-COUNTER S8507,ORFT-COU,NTER S,85,7,0,0,00N,N,,,,,,,,,,,,,0,0,0,0,0,0,0,0,0,,,,,,,0,N,,N,N,,,,,,,,,,,,,,,0,0,0,0,0,0,,,,,,,0,,0,0,40:33.0,10:51.6,,NULL,NULL
DR,2.12643E+17,2,UGAA,UAT1,SCB,B100005B014B0005,UAT1,SCB,9941005141,989,0,N,31,110,12,5,6,2.12643E+17,0,0,260416,104052,0,260416,0,0,0,0,0,260416,6,50,0,1.4001E+20,,,,,,,,,,39,0,0,,0,9941005141,0,1000,0,0,0,0,0,0,0,72,??????????????????????,ORFT-COUNTER SCB,0,0,0,14,22,14,1.40002E+14,0,764,140,0,0,14,4,,0,0,0,0,CB      000000000,0,0,A,P,0,0,0,0,0,0,0,,,,,5E+13,50,0,0,0,0,0,0,00000000000000000000N0,,,,,,,,0,0,0,0,0,0,0,0,5895999999999990=1299ORFT-COUNTER S8507,ORFT-COU,NTER S,85,7,0,0,00N,N,,,,,,,,,,,,,0,0,0,0,0,0,0,0,0,,,,,,,0,N,,N,N,,,,,,,,,,,,,,,0,0,0,0,0,0,,,,,,,0,,0,0,40:52.0,10:51.6,,NULL,NULL
DR,2.12643E+17,2,UGAA,UAT1,SCB,B100005B014B0005,UAT1,SCB,483759983,989,0,N,31,110,12,5,6,2.12643E+17,0,0,260416,104125,0,260416,0,0,0,0,0,260416,7,50,0,1.4001E+20,,,,,,,,,,39,0,0,,0,483759983,0,1000,0,0,0,0,0,0,0,72,??????????????????????,ORFT-COUNTER SCB,0,0,0,14,22,14,1.40002E+14,0,764,140,0,0,14,4,,0,0,0,0,CB      000000000,0,0,A,P,0,0,0,0,0,0,0,,,,,5E+13,50,0,0,0,0,0,0,00000000000000000000N0,,,,,,,,0,0,0,0,0,0,0,0,5895999999999990=1299ORFT-COUNTER S8507,ORFT-COU,NTER S,85,7,0,0,00N,N,,,,,,,,,,,,,0,0,0,0,0,0,0,0,0,,,,,,,0,N,,N,N,,,,,,,,,,,,,,,0,0,0,0,0,0,,,,,,,0,,0,0,41:25.0,10:51.6,,NULL,NULL
DR,2.12643E+17,2,UGAA,UAT1,SCB,B100005B014B0005,UAT1,SCB,483759983,989,0,N,31,110,12,5,6,2.12643E+17,0,0,260416,104233,0,260416,0,0,0,0,0,260416,8,50,0,1.4001E+20,,,,,,,,,,39,0,0,,0,483759983,0,1000,0,0,0,0,0,0,0,72,??????????????????????,ORFT-COUNTER SCB,0,0,0,14,22,14,1.40002E+14,0,764,140,0,0,14,4,,0,0,0,0,CB      000000000,0,0,A,P,0,0,0,0,0,0,0,,,,,5E+13,50,0,0,0,0,0,0,00000000000000000000N0,,,,,,,,0,0,0,0,0,0,0,0,5895999999999990=1299ORFT-COUNTER S8507,ORFT-COU,NTER S,85,7,0,0,00N,N,,,,,,,,,,,,,0,0,0,0,0,0,0,0,0,,,,,,,0,N,,N,N,,,,,,,,,,,,,,,0,0,0,0,0,0,,,,,,,0,,0,0,42:33.0,10:51.6,,NULL,NULL
DR,2.12643E+17,2,UGAA,UAT1,SCB,B100005B014B0005,UAT1,SCB,7770111720,989,0,N,31,110,12,5,6,2.12643E+17,0,0,260416,104250,0,260416,0,0,0,0,0,260416,9,50,0,1.4001E+20,,,,,,,,,,39,0,0,,0,7770111720,0,1000,0,0,0,0,0,0,0,72,??????????????????????,ORFT-COUNTER SCB,0,0,0,14,22,14,1.40002E+14,0,764,142,0,0,14,25,,0,0,0,0,CB      000000000,0,0,A,P,0,0,0,0,0,0,0,,,,,5E+13,50,0,0,0,0,0,0,00000000000000000000N0,,,,,,,,0,0,0,0,0,0,0,0,5895999999999990=1299ORFT-COUNTER S8507,ORFT-COU,NTER S,85,7,0,0,00N,N,,,,,,,,,,,,,0,0,0,0,0,0,0,0,0,,,,,,,0,N,,N,N,,,,,,,,,,,,,,,0,0,0,0,0,0,,,,,,,0,,0,0,42:50.0,10:51.6,,NULL,NULL
DR,2.12643E+17,2,UAAR,UAT1,SCB,S1ACR6914,UAT1,SCB,5.57756E+15,507,507,R,31,210,0,1,3,2.12643E+17,0,0,260416,104343,45,260416,0,0,0,0,0,0,5885,30,0,9E+21,,,,,,,,,,31,0,41,0,0,0,0,0,0,0,0,0,5,F,F,52,3IN1 DIEBOLD,SIAM COMERCIAL,+,ข,H,0,0,0,0,0,764,0,0,34723282.96,0,0,0,0,0,0,0,3.47233E+18,0,0,0,0,0,0,0,0,0,0,0,,,,,0,0,0,0,0,0,0,0,0,,,,,,,,0,4301620015,0,43,162,15,0,0,5577559603020907=2705              3636,,,36,36,F5,0,00N,N,,,,,,,,,,,,,0,0,0,0,0,0,0,0,0,,,,,,,0,N,,N,N,,,,,,,,,,,,,,,0,0,0,0,0,0,,,,,,,0,,0,0,43:43.0,10:51.7,,NULL,NULL
DR,2.12643E+17,2,UAAA,UAT1,SCB,S1A365316,UAT1,SCB,5.57756E+15,111,1,N,31,210,0,1,3,2.12643E+17,0,0,260416,104515,51,260416,0,0,0,0,0,0,1940,22,0,9E+21,,,,,,,,,,31,0,41,0,0,0,0,0,0,0,0,0,5,F,F,1,NCR S6622E XP,SCB,บ บ,ญ,H,0,0,0,0,0,764,0,0,34723282.96,0,0,0,0,0,0,0,3.47233E+18,0,0,0,0,0,0,0,0,0,0,0,,,,,0,0,0,0,0,0,0,0,0,,,,,,,,0,7.04019E+14,704,192,431,0,0,0,5577557300398063=3209              8806,,,88,6,F5,0,00N,N,,,,,,,,,,,,,0,0,0,0,0,0,0,0,0,,,,,,,0,N,,N,N,,,,,,,,,,,,,,,0,0,0,0,0,0,,,,,,,0,,0,0,45:15.0,10:51.7,,NULL,NULL
DR,2.12643E+17,1,UAAA,UAT1,SCB,S1A365316,UAT1,SCB,5.57756E+15,111,1,N,31,210,0,1,5,2.12643E+17,2.12643E+17,2.12643E+17,260416,104519,13,260416,0,0,0,0,0,0,1941,22,0,9E+21,,,,,,,,,,10,11,1,4320236521,0,4681253606,2,500,0,0,0,94,5,T,T,56,NCR S6622E XP,0,บ บ,ญ,H,0,0,0,,0,764,0,0,34723282.96,0,0,0,0,0,0,0,3.47233E+18,0,0,0,P,0,0,0,0,0,0,0,,,,,0,0,0,0,0,0,0,0,0,,,,,,,,0,7.04019E+14,704,192,431,0,111,111,5577557300398063=3209000000000000008806,0,0,88,6,T5,0,94N,N,,,,,,,,,,,,,0,0,0,0,0,0,0,0,0,,,,,,,0,N,,N,Y,,,,,,,,,,,,,,,0,0,0,0,0,0,,,,,,,0,,0,0,45:19.0,10:51.7,1,NULL,NULL
DR,2.12643E+17,2,UAAA,UAT1,SCB,S1A365316,UAT1,SCB,5.57756E+15,111,1,N,31,210,0,1,5,2.12643E+17,2.12643E+17,2.12643E+17,260416,104538,80,260416,0,0,0,0,0,0,1942,22,0,9E+21,,,,,,,,,,30,11,0,4320236521,0,0,0,0,197092.47,197092.47,0,95,5,T,T,0,NCR S6622E XP,0,บ บ,ญ,H,0,0,0,,0,764,0,0,34723282.96,0,0,0,0,0,0,0,3.47233E+18,0,0,0,P,0,0,0,0,0,0,0,,,,,0,0,0,0,0,0,0,0,0,,,,,,,,0,7.04019E+14,704,192,431,0,111,,5577557300398063=3209000000000000008806,0,0,88,6,T5,0,95N,N,,,,,,,,,,,,,0,0,0,0,0,0,0,0,0,,,,,,,0,N,,N,Y,,,,,,,,,,,,,,,0,0,0,0,0,0,,,,,,,0,,0,0,45:38.0,10:51.7,1,NULL,NULL
DR,2.12643E+17,2,UAAA,UAT1,SCB,S1A365316,UAT1,SCB,5.57756E+15,111,1,N,31,210,0,1,5,2.12643E+17,2.12643E+17,2.12643E+17,260416,104557,82,260416,0,0,0,0,0,0,1943,22,0,9E+21,,,,,,,,,,30,11,0,4320236521,0,0,0,0,197092.47,197092.47,0,96,5,T,T,0,NCR S6622E XP,0,บ บ,ญ,H,0,0,0,,0,764,0,0,34723282.96,0,0,0,0,0,0,0,3.47233E+18,0,0,0,P,0,0,0,0,0,0,0,,,,,0,0,0,0,0,0,0,0,0,,,,,,,,0,7.04019E+14,704,192,431,0,111,,5577557300398063=3209000000000000008806,0,0,88,6,T5,0,96N,N,,,,,,,,,,,,,0,0,0,0,0,0,0,0,0,,,,,,,0,N,,N,Y,,,,,,,,,,,,,,,0,0,0,0,0,0,,,,,,,0,,0,0,45:57.0,10:51.7,1,NULL,NULL
DR,2.12643E+17,1,UAAA,UAT1,SCB,S1A365316,UAT1,SCB,5.57756E+15,111,1,N,31,210,0,1,5,2.12643E+17,2.12643E+17,2.12643E+17,260416,104606,45,260416,0,0,0,0,0,0,1944,22,0,9E+21,,,,,,,,,,10,11,1,4320236521,0,4681253606,2,500,0,0,0,97,5,T,T,56,NCR S6622E XP,0,บ บ,ญ,H,0,0,0,,0,764,0,0,34723282.96,0,0,0,0,0,0,0,3.47233E+18,0,0,0,P,0,0,0,0,0,0,0,,,,,0,0,0,0,0,0,0,0,0,,,,,,,,0,7.04019E+14,704,192,431,0,111,111,5577557300398063=3209000000000000008806,0,0,88,6,T5,0,97N,N,,,,,,,,,,,,,0,0,0,0,0,0,0,0,0,,,,,,,0,N,,N,Y,,,,,,,,,,,,,,,0,0,0,0,0,0,,,,,,,0,,0,0,46:06.0,10:51.7,1,NULL,NULL
DR,2.12643E+17,2,UGAA,UAT1,SCB,B100005B014B0005,UAT1,SCB,483759983,989,0,N,31,110,12,5,6,2.12643E+17,0,0,260416,110224,0,260416,0,0,0,0,0,260416,11,50,0,1.40011E+20,,,,,,,,,,39,0,0,,0,483759983,0,100,0,0,0,0,0,0,0,72,??????????????????????,ORFT-COUNTER SCB,0,0,0,14,22,14,1.40002E+14,0,764,140,0,0,14,4,,0,0,0,0,CB      000000000,0,0,A,P,0,0,0,0,0,0,0,,,,,5E+13,50,0,0,0,0,0,0,00000000000000000000N0,,,,,,,,0,0,0,0,0,0,0,0,5895999999999990=1299ORFT-COUNTER S8507,ORFT-COU,NTER S,85,7,0,0,00N,N,,,,,,,,,,,,,0,0,0,0,0,0,0,0,0,,,,,,,0,N,,N,N,,,,,,,,,,,,,,,0,0,0,0,0,0,,,,,,,0,,0,0,02:24.0,10:51.6,,NULL,NULL
DR,2.12643E+17,2,UGAA,UAT1,SCB,B100005B014B0005,UAT1,SCB,2281443302,989,0,N,31,110,12,5,6,2.12643E+17,0,0,260416,110311,0,260416,0,0,0,0,0,260416,12,50,0,1.40011E+20,,,,,,,,,,39,0,0,,0,2281443302,0,1000,0,0,0,0,0,0,0,72,??????????????????????,ORFT-COUNTER SCB,0,0,0,14,22,14,1.40002E+14,0,764,140,0,0,14,6,,0,0,0,0,CB      000000000,0,0,A,P,0,0,0,0,0,0,0,,,,,5E+13,50,0,0,0,0,0,0,00000000000000000000N0,,,,,,,,0,0,0,0,0,0,0,0,5895999999999990=1299ORFT-COUNTER S8507,ORFT-COU,NTER S,85,7,0,0,00N,N,,,,,,,,,,,,,0,0,0,0,0,0,0,0,0,,,,,,,0,N,,N,N,,,,,,,,,,,,,,,0,0,0,0,0,0,,,,,,,0,,0,0,03:11.0,10:51.6,,NULL,NULL
DR,2.12643E+17,2,UAAA,UAT1,SCB,S1A365316,UAT1,SCB,5.57756E+15,111,1,N,31,210,0,1,3,2.12643E+17,0,0,260416,110402,35,260416,0,0,0,0,0,0,1945,22,0,9E+21,,,,,,,,,,31,0,41,0,0,0,0,0,0,0,0,0,5,F,F,1,NCR S6622E XP,SCB,บ บ,ญ,H,0,0,0,0,0,764,0,0,34723282.96,0,0,0,0,0,0,0,3.47233E+18,0,0,0,0,0,0,0,0,0,0,0,,,,,0,0,0,0,0,0,0,0,0,,,,,,,,0,7.04019E+14,704,192,431,0,0,0,5577557613021063=2708              4500,,,45,0,F5,0,00N,N,,,,,,,,,,,,,0,0,0,0,0,0,0,0,0,,,,,,,0,N,,N,N,,,,,,,,,,,,,,,0,0,0,0,0,0,,,,,,,0,,0,0,04:02.0,10:51.7,,NULL,NULL
DR,2.12643E+17,2,UAAA,UAT1,SCB,S1A365316,UAT1,SCB,5.57756E+15,111,1,N,31,210,12,1,6,2.12643E+17,2.12643E+17,2.12643E+17,260416,110443,18,260416,0,0,0,0,0,0,1946,22,0,9E+21,,,,,,,,,,38,11,0,3612841719,0,,0,222.22,890316.63,890316.63,0,340,5,T,T,72,NCR S6622E XP,0,บ บ,ญ,H,0,0,0,0,0,764,140,0,0,14,0,0,0,0,0,0,,0,0,0,P,0,0,0,0,0,0,0,,,,,0,0,0,0,0,0,0,0,0,,,,,,,,0,7.04019E+14,704,192,431,0,111,0,5577557613021063=2708000000000000004500,0,0,45,0,T5,3,40N,N,0,2.02106E+12,,NATID,14,14,0,0,,0,,,0,0,0,0,0,0,0,0,0,,,0,0,H,,0,N,,N,Y,,,,,,,,,,,,,,,0,0,0,0,0,0,,,,,,,0,,0,0,04:43.0,10:51.7,,NULL,NULL
DR,2.12643E+17,2,UAAA,UAT1,SCB,S1A365316,UAT1,SCB,5.57756E+15,111,1,N,31,210,0,1,3,2.12643E+17,0,0,260416,110831,86,260416,0,0,0,0,0,0,1947,22,0,9E+21,,,,,,,,,,31,0,41,0,0,0,0,0,0,0,0,0,5,F,F,1,NCR S6622E XP,SCB,บ บ,ญ,H,0,0,0,0,0,764,0,0,34723282.96,0,0,0,0,0,0,0,3.47233E+18,0,0,0,0,0,0,0,0,0,0,0,,,,,0,0,0,0,0,0,0,0,0,,,,,,,,0,7.04019E+14,704,192,431,0,0,0,5577557613021063=2708              4500,,,45,0,F5,0,00N,N,,,,,,,,,,,,,0,0,0,0,0,0,0,0,0,,,,,,,0,N,,N,N,,,,,,,,,,,,,,,0,0,0,0,0,0,,,,,,,0,,0,0,08:31.0,10:51.7,,NULL,NULL
DR,2.12643E+17,2,UAAA,UAT1,SCB,S1A365316,UAT1,SCB,5.57756E+15,111,1,N,31,210,0,1,5,2.12643E+17,2.12643E+17,2.12643E+17,260416,110837,48,260416,0,0,0,0,0,0,1948,22,0,9E+21,,,,,,,,,,30,11,0,3612841719,0,0,0,0,890316.63,890316.63,0,341,5,T,T,0,NCR S6622E XP,0,บ บ,ญ,H,0,0,0,,0,764,0,0,34723282.96,0,0,0,0,0,0,0,3.47233E+18,0,0,0,P,0,0,0,0,0,0,0,,,,,0,0,0,0,0,0,0,0,0,,,,,,,,0,7.04019E+14,704,192,431,0,111,,5577557613021063=2708000000000000004500,0,0,45,0,T5,3,41N,N,,,,,,,,,,,,,0,0,0,0,0,0,0,0,0,,,,,,,0,N,,N,Y,,,,,,,,,,,,,,,0,0,0,0,0,0,,,,,,,0,,0,0,08:37.0,10:51.7,1,NULL,NULL
DR,2.12643E+17,1,UAAA,UAT1,SCB,S1A365316,UAT1,SCB,5.57756E+15,111,1,N,31,210,0,1,5,2.12643E+17,2.12643E+17,2.12643E+17,260416,110848,11,260416,0,0,0,0,0,0,1949,22,0,9E+21,,,,,,,,,,10,11,0,3612841719,0,0,2,500,889816.63,889816.63,0,342,5,T,T,0,NCR S6622E XP,0,บ บ,ญ,H,0,0,0,,0,764,0,0,34723282.96,0,0,0,0,0,0,0,3.47233E+18,0,0,0,P,0,0,0,0,0,0,0,,,,,0,0,0,0,0,0,0,0,0,,,,,,,,0,7.04019E+14,704,192,431,0,111,,5577557613021063=2708000000000000004500,0,0,45,0,T5,3,42N,N,,,,,,,,,,,,,0,0,0,0,0,0,0,0,0,,,,,,,0,N,,N,Y,,,,,,,,,,,,,,,0,0,0,0,0,0,,,,,,,0,,0,0,08:48.0,10:51.7,1,NULL,NULL
DR,2.12643E+17,2,UAAA,UAT1,SCB,S1A365316,UAT1,SCB,5.57756E+15,111,1,N,31,210,0,1,3,2.12643E+17,0,0,260416,111054,40,260416,0,0,0,0,0,0,1950,22,0,9E+21,,,,,,,,,,31,0,41,0,1,0,0,0,0,0,0,0,5,F,F,1,NCR S6622E XP,SCB,บ ป,ญ,H,0,0,0,0,0,764,0,0,34723282.96,0,0,0,0,0,0,0,3.47233E+18,0,0,0,0,0,0,0,0,0,0,0,,,,,0,0,0,0,0,0,0,0,0,,,,,,,,0,7.04019E+14,704,193,431,0,0,0,5577557613021063=2708              4500,,,45,0,F5,0,00N,N,,,,,,,,,,,,,0,0,0,0,0,0,0,0,0,,,,,,,0,N,,N,N,,,,,,,,,,,,,,,0,0,0,0,0,0,,,,,,,0,,0,0,10:54.0,10:51.7,,NULL,NULL
DR,2.12643E+17,2,UAAA,UAT1,SCB,S1A365316,UAT1,SCB,5.57756E+15,111,1,N,31,210,0,1,5,2.12643E+17,2.12643E+17,2.12643E+17,260416,111120,42,260416,0,0,0,0,0,0,1951,22,0,9E+21,,,,,,,,,,38,11,11,3612841719,0,4310207744,0,505,889816.63,889816.63,1000000,343,5,T,T,0,NCR S6622E XP,00000000000000AMTIUAT,AMTIU    บ ป,ญ,H,0,0,0,0,0,764,141,400,0,14,14,0,0,0,0,0,AMTIUAT AMTIU,0,0,0,P,0,0,0,0,0,0,0,,,,,0,0,0,0,0,0,0,0,0,,,,,,,,0,7.04019E+14,704,193,431,0,111,1,5577557613021063=2708000000000000004500,0,0,45,0,T5,3,43N,N,0,2.02106E+12,,NATID,14,14,14,0,AMTIUAT AMTIU,นาย เอทีเอ็มไอยูเอที เอทีเอ็มไอยูเอที,,,0,0,0,0,0,0,0,0,0,,,,,H,,0,N,,N,Y,,,,,,,,,,,,,,,0,0,0,0,0,0,,,,,,,0,,0,0,11:20.0,10:51.7,,NULL,NULL
DR,2.12643E+17,1,UAAA,UAT1,SCB,S1A365316,UAT1,SCB,5.57756E+15,111,1,N,31,210,0,1,5,2.12643E+17,2.12643E+17,2.12643E+17,260416,111137,25,260416,0,0,0,0,0,0,1951,22,0,9E+21,,,,,,,,,,48,11,11,3612841719,0,4310207744,0,505,889311.63,889311.63,1000000,344,5,T,T,0,NCR S6622E XP,00000000000000AMTIUAT,AMTIU    บ ป,ญ,H,0,0,0,0,0,764,141,400,0,14,14,0,0,0,0,0,AMTIUAT AMTIU,0,0,0,P,0,0,0,0,0,0,0,,,,,0,0,0,0,0,0,0,0,0,,,,,,,,0,7.04019E+14,704,193,431,0,111,1,5577557613021063=2708000000000000004500,0,0,45,0,T5,3,44N,N,1,2.02106E+12,,NATID,14,14,14,0,AMTIUAT AMTIU,นาย เอทีเอ็มไอยูเอที เอทีเอ็มไอยูเอที,,,0,0,0,0,0,0,0,0,0,,,,,H,,0,N,,N,Y,,,,,,,,,,,,,,,0,0,0,0,0,0,,,,,,,0,,0,0,11:37.0,10:51.7,,NULL,NULL
DR,2.12643E+17,2,UAAA,UAT1,SCB,S1A365316,UAT1,SCB,5.57756E+15,111,1,N,31,210,0,1,3,2.12643E+17,0,0,260416,111220,90,260416,0,0,0,0,0,0,1952,22,0,9E+21,,,,,,,,,,31,0,41,0,0,0,0,0,0,0,0,0,5,F,F,1,NCR S6622E XP,SCB,บ ป,ญ,H,0,0,0,0,0,764,0,0,34723282.96,0,0,0,0,0,0,0,3.47233E+18,0,0,0,0,0,0,0,0,0,0,0,,,,,0,0,0,0,0,0,0,0,0,,,,,,,,0,7.04019E+14,704,193,431,0,0,0,5577557300398063=3209              8806,,,88,6,F5,0,00N,N,,,,,,,,,,,,,0,0,0,0,0,0,0,0,0,,,,,,,0,N,,N,N,,,,,,,,,,,,,,,0,0,0,0,0,0,,,,,,,0,,0,0,12:20.0,10:51.7,,NULL,NULL
DR,2.12643E+17,2,UAAA,UAT1,SCB,S1A365316,UAT1,SCB,5.57756E+15,111,1,N,31,210,0,1,5,2.12643E+17,2.12643E+17,2.12643E+17,260416,111240,13,260416,0,0,0,0,0,0,1953,22,0,9E+21,,,,,,,,,,38,11,0,4320236521,0,,0,600,0,0,0,98,5,T,T,56,NCR S6622E XP,0,บ ป,ญ,H,0,0,0,0,0,764,140,0,0,14,0,0,0,0,0,0,,0,0,0,P,0,0,0,0,0,0,0,,,,,0,0,0,0,0,0,0,0,0,,,,,,,,0,7.04019E+14,704,193,431,0,111,0,5577557300398063=3209000000000000008806,0,0,88,6,T5,0,98N,N,0,2.02106E+12,,NATID,14,14,0,0,,0,,,0,0,0,0,0,0,0,0,0,,,0,0,H,,0,N,,N,Y,,,,,,,,,,,,,,,0,0,0,0,0,0,,,,,,,0,,0,0,12:40.0,10:51.7,,NULL,NULL
DR,2.12643E+17,2,UAAA,UAT1,SCB,S1A365316,UAT1,SCB,5.57756E+15,111,1,N,31,210,0,1,3,2.12643E+17,0,0,260416,111405,18,260416,0,0,0,0,0,0,1954,22,0,9E+21,,,,,,,,,,31,0,41,0,0,0,0,0,0,0,0,0,5,F,F,1,NCR S6622E XP,SCB,บ ป,ญ,H,0,0,0,0,0,764,0,0,34723282.96,0,0,0,0,0,0,0,3.47233E+18,0,0,0,0,0,0,0,0,0,0,0,,,,,0,0,0,0,0,0,0,0,0,,,,,,,,0,7.04019E+14,704,193,431,0,0,0,5577557300398063=3209              8806,,,88,6,F5,0,00N,N,,,,,,,,,,,,,0,0,0,0,0,0,0,0,0,,,,,,,0,N,,N,N,,,,,,,,,,,,,,,0,0,0,0,0,0,,,,,,,0,,0,0,14:05.0,10:51.7,,NULL,NULL
DR,2.12643E+17,2,UAAA,UAT1,SCB,S1A365316,UAT1,SCB,5.57756E+15,111,1,N,31,110,0,1,5,2.12643E+17,2.12643E+17,2.12643E+17,260416,111410,62,260416,0,0,0,0,0,0,1955,22,0,9E+21,,,,,,,,,,39,0,42,4320236521,0,0,0,0,0,0,0,100,5,T,T,0,NCR S6622E XP,0,บ ป,ญ,H,0,0,0,0,0,764,0,0,0,0,0,0,0,0,0,0,,0,0,A,P,0,0,0,0,0,0,0,,,,,5700,0,0,5,7,0,0,0,00000000000000000000N0,,,,,,,,0,7.04019E+14,704,193,431,0,0,0,5577557300398063=3209000000000000008806,0,0,88,6,T5,1,00N,N,,,,,,,,,,,,,0,0,0,0,0,0,0,0,0,,,,,,,0,N,,N,Y,,,,,,,,,,,,,,,0,0,0,0,0,0,,,,,,,0,,0,0,14:10.0,10:51.7,,NULL,NULL
DR,2.12643E+17,1,UAAA,UAT1,SCB,S1A365316,UAT1,SCB,5.57756E+15,111,1,N,31,210,0,1,5,2.12643E+17,2.12643E+17,2.12643E+17,260416,111426,84,260416,0,0,0,0,0,0,1956,22,0,9E+21,,,,,,,,,,40,11,1,4320236521,0,4681253606,0,200,196892.47,196892.47,111000000,101,5,T,T,0,NCR S6622E XP,0,PHUKET   บ ป,ญ,H,0,0,0,,0,764,0,0,34723282.96,0,0,0,0,0,0,0,3.47233E+18,0,0,0,P,0,0,0,0,0,0,0,,,,,0,0,0,0,0,0,0,0,0,,,,,,,,0,7.04019E+14,704,193,431,0,111,111,5577557300398063=3209000000000000008806,0,0,88,6,T5,1,01N,N,,,,,,,,,,,,,0,0,0,0,0,0,0,0,0,,,,,,,0,N,,N,Y,,,,,,,,,,,,,,,0,0,0,0,0,0,,,,,,,0,,0,0,14:26.0,10:51.7,1,NULL,NULL
DR,2.12643E+17,2,UAAA,UAT1,SCB,S1A365316,UAT1,SCB,5.57756E+15,111,1,N,31,210,0,1,3,2.12643E+17,0,0,260416,113212,76,260416,0,0,0,0,0,0,1957,22,0,9E+21,,,,,,,,,,31,0,41,0,0,0,0,0,0,0,0,0,5,F,F,1,NCR S6622E XP,SCB,บ ป,ญ,H,0,0,0,0,0,764,0,0,34723282.96,0,0,0,0,0,0,0,3.47233E+18,0,0,0,0,0,0,0,0,0,0,0,,,,,0,0,0,0,0,0,0,0,0,,,,,,,,0,7.04019E+14,704,193,431,0,0,0,5577557300398063=3209              8806,,,88,6,F5,0,00N,N,,,,,,,,,,,,,0,0,0,0,0,0,0,0,0,,,,,,,0,N,,N,N,,,,,,,,,,,,,,,0,0,0,0,0,0,,,,,,,0,,0,0,32:12.0,10:51.7,,NULL,NULL
DR,2.12643E+17,1,UAAA,UAT1,SCB,S1A365316,UAT1,SCB,5.57756E+15,111,1,N,31,210,0,1,5,2.12643E+17,2.12643E+17,2.12643E+17,260416,113222,80,260416,0,0,0,0,0,0,1958,22,0,9E+21,,,,,,,,,,40,11,1,4320236521,0,4681253606,0,250,196642.47,196642.47,111000000,102,5,T,T,0,NCR S6622E XP,0,PHUKET   บ ป,ญ,H,0,0,0,,0,764,0,0,34723282.96,0,0,0,0,0,0,0,3.47233E+18,0,0,0,P,0,0,0,0,0,0,0,,,,,0,0,0,0,0,0,0,0,0,,,,,,,,0,7.04019E+14,704,193,431,0,111,111,5577557300398063=3209000000000000008806,0,0,88,6,T5,1,02N,N,,,,,,,,,,,,,0,0,0,0,0,0,0,0,0,,,,,,,0,N,,N,Y,,,,,,,,,,,,,,,0,0,0,0,0,0,,,,,,,0,,0,0,32:22.0,10:51.7,1,NULL,NULL
DR,2.12643E+17,2,UGAA,UAT1,SCB,S1G36A513,UAT1,SCB,5.57756E+15,501,501,N,31,210,0,1,3,2.12643E+17,0,0,260416,113538,49,260416,0,0,0,0,0,0,22,30,0,9E+21,,,,,,,,,,31,0,41,0,0,0,0,0,0,0,0,0,5,F,F,1,DIEBOLD 510/560 XP,SIAM COMERCIAL,i :,W,sH,0,0,0,0,0,764,0,0,34723282.96,0,0,0,0,0,0,0,3.47233E+18,0,0,0,0,0,0,0,0,0,0,0,,,,,0,0,0,0,0,0,0,0,0,,,,,,,,0,1.05006E+14,105,58,87,115,0,0,5577557300397933=3008              0000,,,0,0,F5,0,00N,N,,,,,,,,,,,,,0,0,0,0,0,0,0,0,0,,,,,,,0,N,,N,N,,,,,,,,,,,,,,,0,0,0,0,0,0,,,,,,,0,,0,0,35:38.0,10:51.6,,NULL,NULL
DR,2.12643E+17,2,UGAA,UAT1,SCB,S1G36A513,UAT1,SCB,5.57756E+15,501,501,N,31,110,0,1,5,2.12643E+17,2.12643E+17,2.12643E+17,260416,113543,21,260416,0,0,0,0,0,0,23,30,0,9E+21,,,,,,,,,,39,0,43,4340359024,0,0,0,0,0,0,0,425,5,T,T,0,DIEBOLD 510/560 XP,0,i :,W,sH,0,0,0,0,0,764,0,0.0001,0,0,0,1000000,0,1,0,0,,0,0,A,P,0,0,0,0,0,0,0,,,,,000000000000  00,0,0,,,0,0,0,00000000000000000000N0,,,,,,,,0,1.05006E+14,105,58,87,115,0,0,5577557300397933=3008000000000000000000,0,0,0,0,T5,4,25N,N,,,,,,,,,,,,,0,0,0,0,0,0,0,0,0,,,,,,,0,N,,N,Y,,,,,,,,,,,,,,,0,0,0,0,0,0,,,,,,,0,,0,0,35:43.0,10:51.6,,NULL,NULL
DR,2.12643E+17,2,UGAA,UAT1,SCB,S1G36A513,UAT1,SCB,5.57756E+15,501,501,N,31,110,12,1,6,2.12643E+17,0,0,260416,113600,56,260416,0,0,0,0,0,260416,24,30,0,1.40011E+20,,,,,,,,,,39,11,0,4340359024,0,478833188,0,500,0,0,0,426,5,T,T,72,DIEBOLD 510/560 XP,0,i :,W,sH,0,13,5,1300000500,0,764,140,400.0001,0,14,4,1000000,0,1,0,0,,0,0,A,P,0,0,0,0,0,0,0,,,,,1.8E+13,18,0,0,0,0,0,0,00000000000000000000N0,,,,,,,,0,1.05006E+14,105,58,87,115,1,0,5577557300397933=3008000000000000000000,0,0,0,0,T5,4,26N,N,,,,,,,,,,,,,0,0,0,0,0,0,0,0,0,,,,,,,0,N,,N,Y,,,,,,,,,,,,,,,0,0,0,0,0,0,,,,,,,0,,0,0,36:00.0,10:51.6,,NULL,NULL
DR,2.12643E+17,2,UGAA,UAT1,SCB,S1G36A513,UAT1,SCB,5.57756E+15,501,501,N,31,110,0,1,5,2.12643E+17,2.12643E+17,2.12643E+17,260416,113606,72,260416,0,0,0,0,0,0,25,30,0,9E+21,,,,,,,,,,39,0,43,4340359024,0,0,0,0,0,0,0,427,5,T,T,0,DIEBOLD 510/560 XP,0,i :,W,sH,0,0,0,0,0,764,0,0.0001,0,0,0,1000000,0,1,0,0,,0,0,A,P,0,0,0,0,0,0,0,,,,,000000000000  00,0,0,,,0,0,0,00000000000000000000N0,,,,,,,,0,1.05006E+14,105,58,87,115,0,0,5577557300397933=3008000000000000000000,0,0,0,0,T5,4,27N,N,,,,,,,,,,,,,0,0,0,0,0,0,0,0,0,,,,,,,0,N,,N,Y,,,,,,,,,,,,,,,0,0,0,0,0,0,,,,,,,0,,0,0,36:06.0,10:51.6,,NULL,NULL
DR,2.12643E+17,2,UGAA,UAT1,SCB,S1G36A513,UAT1,SCB,5.57756E+15,501,501,N,31,110,12,1,6,2.12643E+17,0,0,260416,113624,23,260416,0,0,0,0,0,260416,26,30,0,1.40011E+20,,,,,,,,,,39,11,0,4340359024,0,1610073684,0,1000,0,0,0,428,5,T,T,72,DIEBOLD 510/560 XP,0,i :,W,sH,0,13,5,1300000500,0,764,140,200.0001,0,14,2,1000000,0,1,0,0,,0,0,A,P,0,0,0,0,0,0,0,,,,,1.8E+13,18,0,0,0,0,0,0,00000000000000000000N0,,,,,,,,0,1.05006E+14,105,58,87,115,1,0,5577557300397933=3008000000000000000000,0,0,0,0,T5,4,28N,N,,,,,,,,,,,,,0,0,0,0,0,0,0,0,0,,,,,,,0,N,,N,Y,,,,,,,,,,,,,,,0,0,0,0,0,0,,,,,,,0,,0,0,36:24.0,10:51.6,,NULL,NULL
DR,2.12643E+17,2,UGAA,UAT1,SCB,S1G36A513,UAT1,SCB,5.57756E+15,501,501,N,31,210,0,1,3,2.12643E+17,0,0,260416,113731,1,260416,0,0,0,0,0,0,27,30,0,9E+21,,,,,,,,,,31,0,41,0,0,0,0,0,0,0,0,0,5,F,F,1,DIEBOLD 510/560 XP,SIAM COMERCIAL,i :,W,sH,0,0,0,0,0,764,0,0,34723282.96,0,0,0,0,0,0,0,3.47233E+18,0,0,0,0,0,0,0,0,0,0,0,,,,,0,0,0,0,0,0,0,0,0,,,,,,,,0,1.05006E+14,105,58,87,115,0,0,5577557300397933=3008              0000,,,0,0,F5,0,00N,N,,,,,,,,,,,,,0,0,0,0,0,0,0,0,0,,,,,,,0,N,,N,N,,,,,,,,,,,,,,,0,0,0,0,0,0,,,,,,,0,,0,0,37:31.0,10:51.6,,NULL,NULL
DR,2.12643E+17,2,UGAA,UAT1,SCB,B100000B014B0019,UAT1,SCB,1010000071,111,0,N,31,110,12,5,6,2.12643E+17,0,0,260416,113731,0,260416,0,0,0,0,0,260416,4,50,0,1.40011E+20,,,,,,,,,,39,0,0,,0,1010000071,0,1000,0,0,0,0,0,0,0,72,????????????,ORFT-COUNTER SCB,0,0,0,14,22,14,1.40002E+14,0,764,140,0,0,14,2,,0,0,0,0,CB      000000000,0,0,A,P,0,0,0,0,0,0,0,,,,,5E+13,50,0,0,0,0,0,0,00000000000000000000N0,,,,,,,,0,0,0,0,0,0,0,0,5895999999999990=1299ORFT-COUNTER S8507,ORFT-COU,NTER S,85,7,0,0,00N,N,,,,,,,,,,,,,0,0,0,0,0,0,0,0,0,,,,,,,0,N,,N,N,,,,,,,,,,,,,,,0,0,0,0,0,0,,,,,,,0,,0,0,37:31.0,10:51.6,,NULL,NULL
DR,2.12643E+17,2,UGAA,UAT1,SCB,S1G36A513,UAT1,SCB,5.57756E+15,501,501,N,31,110,0,1,5,2.12643E+17,2.12643E+17,2.12643E+17,260416,113735,0,260416,0,0,0,0,0,0,28,30,0,9E+21,,,,,,,,,,39,0,43,4340359024,0,0,0,0,0,0,0,430,5,T,T,0,DIEBOLD 510/560 XP,0,i :,W,sH,0,0,0,0,0,764,0,0.0001,0,0,0,1000000,0,1,0,0,,0,0,A,P,0,0,0,0,0,0,0,,,,,000000000000  00,0,0,,,0,0,0,00000000000000000000N0,,,,,,,,0,1.05006E+14,105,58,87,115,0,0,5577557300397933=3008000000000000000000,0,0,0,0,T5,4,30N,N,,,,,,,,,,,,,0,0,0,0,0,0,0,0,0,,,,,,,0,N,,N,Y,,,,,,,,,,,,,,,0,0,0,0,0,0,,,,,,,0,,0,0,37:35.0,10:51.6,,NULL,NULL
DR,2.12643E+17,2,UGAA,UAT1,SCB,B100000B014B0019,UAT1,SCB,1013024433,111,0,N,31,110,12,5,6,2.12643E+17,0,0,260416,113753,0,260416,0,0,0,0,0,260416,5,50,0,1.40011E+20,,,,,,,,,,39,0,0,,0,1013024433,0,1000,0,0,0,0,0,0,0,72,????????????,ORFT-COUNTER SCB,0,0,0,14,22,14,1.40002E+14,0,764,140,0,0,14,2,,0,0,0,0,CB      000000000,0,0,A,P,0,0,0,0,0,0,0,,,,,5E+13,50,0,0,0,0,0,0,00000000000000000000N0,,,,,,,,0,0,0,0,0,0,0,0,5895999999999990=1299ORFT-COUNTER S8507,ORFT-COU,NTER S,85,7,0,0,00N,N,,,,,,,,,,,,,0,0,0,0,0,0,0,0,0,,,,,,,0,N,,N,N,,,,,,,,,,,,,,,0,0,0,0,0,0,,,,,,,0,,0,0,37:53.0,10:51.6,,NULL,NULL
DR,2.12643E+17,2,UGAA,UAT1,SCB,S1G36A513,UAT1,SCB,5.57756E+15,501,501,N,31,110,12,1,6,2.12643E+17,0,0,260416,113800,17,260416,0,0,0,0,0,260416,29,30,0,1.40011E+20,,,,,,,,,,39,11,0,4340359024,0,20018557420,0,1500,0,0,0,431,5,T,T,72,DIEBOLD 510/560 XP,0,i :,W,sH,0,13,5,1300000500,0,764,143,400.0001,0,14,34,1000000,0,1,0,0,,0,0,A,P,0,0,0,0,0,0,0,,,,,1.8E+13,18,0,0,0,0,0,0,00000000000000000000N0,,,,,,,,0,1.05006E+14,105,58,87,115,1,0,5577557300397933=3008000000000000000000,0,0,0,0,T5,4,31N,N,,,,,,,,,,,,,0,0,0,0,0,0,0,0,0,,,,,,,0,N,,N,Y,,,,,,,,,,,,,,,0,0,0,0,0,0,,,,,,,0,,0,0,38:00.0,10:51.6,,NULL,NULL
DR,2.12643E+17,2,UGAA,UAT1,SCB,S1G36A513,UAT1,SCB,5.57756E+15,501,501,N,31,110,0,1,5,2.12643E+17,2.12643E+17,2.12643E+17,260416,113809,58,260416,0,0,0,0,0,0,30,30,0,9E+21,,,,,,,,,,39,0,43,4340359024,0,0,0,0,0,0,0,433,5,T,T,0,DIEBOLD 510/560 XP,0,i :,W,sH,0,0,0,0,0,764,0,0.0001,0,0,0,1000000,0,1,0,0,,0,0,A,P,0,0,0,0,0,0,0,,,,,000000000000  00,0,0,,,0,0,0,00000000000000000000N0,,,,,,,,0,1.05006E+14,105,58,87,115,0,0,5577557300397933=3008000000000000000000,0,0,0,0,T5,4,33N,N,,,,,,,,,,,,,0,0,0,0,0,0,0,0,0,,,,,,,0,N,,N,Y,,,,,,,,,,,,,,,0,0,0,0,0,0,,,,,,,0,,0,0,38:09.0,10:51.6,,NULL,NULL
DR,2.12643E+17,2,UGAA,UAT1,SCB,B100000B014B0019,UAT1,SCB,483759983,111,0,N,31,110,12,5,6,2.12643E+17,0,0,260416,113816,0,260416,0,0,0,0,0,260416,6,50,0,1.40011E+20,,,,,,,,,,39,0,0,,0,483759983,0,500,0,0,0,0,0,0,0,72,????????????,ORFT-COUNTER SCB,0,0,0,14,22,14,1.40002E+14,0,764,140,0,0,14,4,,0,0,0,0,CB      000000000,0,0,A,P,0,0,0,0,0,0,0,,,,,5E+13,50,0,0,0,0,0,0,00000000000000000000N0,,,,,,,,0,0,0,0,0,0,0,0,5895999999999990=1299ORFT-COUNTER S8507,ORFT-COU,NTER S,85,7,0,0,00N,N,,,,,,,,,,,,,0,0,0,0,0,0,0,0,0,,,,,,,0,N,,N,N,,,,,,,,,,,,,,,0,0,0,0,0,0,,,,,,,0,,0,0,38:16.0,10:51.6,,NULL,NULL
DR,2.12643E+17,2,UGAA,UAT1,SCB,S1G36A513,UAT1,SCB,5.57756E+15,501,501,N,31,110,12,1,6,2.12643E+17,0,0,260416,113832,4,260416,0,0,0,0,0,260416,31,30,0,1.40011E+20,,,,,,,,,,39,11,0,4340359024,0,20000005080,0,2000,0,0,0,434,5,T,T,72,DIEBOLD 510/560 XP,0,i :,W,sH,0,13,5,1300000500,0,764,143,0.0001,0,14,30,1000000,0,1,0,0,,0,0,A,P,0,0,0,0,0,0,0,,,,,1.8E+13,18,0,0,0,0,0,0,00000000000000000000N0,,,,,,,,0,1.05006E+14,105,58,87,115,1,0,5577557300397933=3008000000000000000000,0,0,0,0,T5,4,34N,N,,,,,,,,,,,,,0,0,0,0,0,0,0,0,0,,,,,,,0,N,,N,Y,,,,,,,,,,,,,,,0,0,0,0,0,0,,,,,,,0,,0,0,38:32.0,10:51.6,,NULL,NULL
DR,2.12643E+17,2,UGAA,UAT1,SCB,S1G36A513,UAT1,SCB,5.57756E+15,501,501,N,31,210,0,1,5,2.12643E+17,2.12643E+17,2.12643E+17,260416,113837,97,260416,0,0,0,0,0,0,32,30,0,9E+21,,,,,,,,,,30,11,0,4340359024,0,0,0,0,1521255.87,1521255.87,0,435,5,T,T,0,DIEBOLD 510/560 XP,0,i :,W,sH,0,0,0,,0,764,0,0,34723282.96,0,0,0,0,0,0,0,3.47233E+18,0,0,0,P,0,0,0,0,0,0,0,,,,,0,0,0,0,0,0,0,0,0,,,,,,,,0,1.05006E+14,105,58,87,115,1,,5577557300397933=3008000000000000000000,0,0,0,0,T5,4,35N,N,,,,,,,,,,,,,0,0,0,0,0,0,0,0,0,,,,,,,0,N,,N,Y,,,,,,,,,,,,,,,0,0,0,0,0,0,,,,,,,0,,0,0,38:37.0,10:51.6,1,NULL,NULL
DR,2.12643E+17,2,UGAA,UAT1,SCB,S1G36A513,UAT1,SCB,5.57756E+15,501,501,N,31,110,0,1,5,2.12643E+17,2.12643E+17,2.12643E+17,260416,113844,63,260416,0,0,0,0,0,0,33,30,0,9E+21,,,,,,,,,,39,0,43,4340359024,0,0,0,0,0,0,0,436,5,T,T,0,DIEBOLD 510/560 XP,0,i :,W,sH,0,0,0,0,0,764,0,0.0001,0,0,0,1000000,0,1,0,0,,0,0,A,P,0,0,0,0,0,0,0,,,,,000000000000  00,0,0,,,0,0,0,00000000000000000000N0,,,,,,,,0,1.05006E+14,105,58,87,115,0,0,5577557300397933=3008000000000000000000,0,0,0,0,T5,4,36N,N,,,,,,,,,,,,,0,0,0,0,0,0,0,0,0,,,,,,,0,N,,N,Y,,,,,,,,,,,,,,,0,0,0,0,0,0,,,,,,,0,,0,0,38:44.0,10:51.6,,NULL,NULL
DR,2.12643E+17,2,UGAA,UAT1,SCB,S1G36A513,UAT1,SCB,5.57756E+15,501,501,N,31,110,12,1,6,2.12643E+17,0,0,260416,113915,23,260416,0,0,0,0,0,260416,34,30,0,1.40011E+20,,,,,,,,,,39,11,0,4340359024,0,12041844,0,3000,0,0,0,437,5,T,T,72,DIEBOLD 510/560 XP,0,i :,W,sH,0,13,5,1300000500,0,764,141,100.0001,0,14,11,1000000,0,1,0,0,,0,0,A,P,0,0,0,0,0,0,0,,,,,1.8E+13,18,0,0,0,0,0,0,00000000000000000000N0,,,,,,,,0,1.05006E+14,105,58,87,115,1,0,5577557300397933=3008000000000000000000,0,0,0,0,T5,4,37N,N,,,,,,,,,,,,,0,0,0,0,0,0,0,0,0,,,,,,,0,N,,N,Y,,,,,,,,,,,,,,,0,0,0,0,0,0,,,,,,,0,,0,0,39:15.0,10:51.6,,NULL,NULL
DR,2.12643E+17,2,UGAA,UAT1,SCB,S1G36A513,UAT1,SCB,5.57756E+15,501,501,N,31,110,0,1,5,2.12643E+17,2.12643E+17,2.12643E+17,260416,113920,57,260416,0,0,0,0,0,0,35,30,0,9E+21,,,,,,,,,,39,0,43,4340359024,0,0,0,0,0,0,0,438,5,T,T,0,DIEBOLD 510/560 XP,0,i :,W,sH,0,0,0,0,0,764,0,0.0001,0,0,0,1000000,0,1,0,0,,0,0,A,P,0,0,0,0,0,0,0,,,,,000000000000  00,0,0,,,0,0,0,00000000000000000000N0,,,,,,,,0,1.05006E+14,105,58,87,115,0,0,5577557300397933=3008000000000000000000,0,0,0,0,T5,4,38N,N,,,,,,,,,,,,,0,0,0,0,0,0,0,0,0,,,,,,,0,N,,N,Y,,,,,,,,,,,,,,,0,0,0,0,0,0,,,,,,,0,,0,0,39:20.0,10:51.6,,NULL,NULL
DR,2.12643E+17,2,UGAA,UAT1,SCB,S1G36A513,UAT1,SCB,5.57756E+15,501,501,N,31,110,12,1,6,2.12643E+17,0,0,260416,113942,36,260416,0,0,0,0,0,260416,36,30,0,1.40011E+20,,,,,,,,,,39,11,0,4340359024,0,1000031814,0,3500,0,0,0,439,5,T,T,72,DIEBOLD 510/560 XP,0,i :,W,sH,0,13,5,1300000500,0,764,146,900.0001,0,14,69,1000000,0,1,0,0,,0,0,A,P,0,0,0,0,0,0,0,,,,,1.8E+13,18,0,0,0,0,0,0,00000000000000000000N0,,,,,,,,0,1.05006E+14,105,58,87,115,1,0,5577557300397933=3008000000000000000000,0,0,0,0,T5,4,39N,N,,,,,,,,,,,,,0,0,0,0,0,0,0,0,0,,,,,,,0,N,,N,Y,,,,,,,,,,,,,,,0,0,0,0,0,0,,,,,,,0,,0,0,39:42.0,10:51.6,,NULL,NULL
DR,2.12643E+17,2,UGAA,UAT1,SCB,B100004B014B0051,UAT1,SCB,9941005141,989,0,N,31,110,12,5,6,2.12643E+17,0,0,260416,113943,0,260416,0,0,0,0,0,260416,13,50,0,1.40011E+20,,,,,,,,,,39,0,0,,0,9941005141,0,38741.12,0,0,0,0,0,0,0,72,??????????????????????,ORFT-COUNTER SCB,0,0,0,22.4,35.2,22.4,2.24004E+14,0,764,140,0,0,14,4,,0,0,0,0,CB      000000000,0,0,A,P,0,0,0,0,0,0,0,,,,,8E+13,80,0,0,0,0,0,0,00000000000000000000N0,,,,,,,,0,0,0,0,0,0,0,0,5895999999999990=1299ORFT-COUNTER S8507,ORFT-COU,NTER S,85,7,0,0,00N,N,,,,,,,,,,,,,0,0,0,0,0,0,0,0,0,,,,,,,0,N,,N,N,,,,,,,,,,,,,,,0,0,0,0,0,0,,,,,,,0,,0,0,39:43.0,10:51.6,,NULL,NULL
DR,2.12643E+17,2,UGAA,UAT1,SCB,S1G36A513,UAT1,SCB,5.57756E+15,501,501,N,31,110,0,1,5,2.12643E+17,2.12643E+17,2.12643E+17,260416,113947,60,260416,0,0,0,0,0,0,37,30,0,9E+21,,,,,,,,,,39,0,43,4340359024,0,0,0,0,0,0,0,440,5,T,T,0,DIEBOLD 510/560 XP,0,i :,W,sH,0,0,0,0,0,764,0,0.0001,0,0,0,1000000,0,1,0,0,,0,0,A,P,0,0,0,0,0,0,0,,,,,000000000000  00,0,0,,,0,0,0,00000000000000000000N0,,,,,,,,0,1.05006E+14,105,58,87,115,0,0,5577557300397933=3008000000000000000000,0,0,0,0,T5,4,40N,N,,,,,,,,,,,,,0,0,0,0,0,0,0,0,0,,,,,,,0,N,,N,Y,,,,,,,,,,,,,,,0,0,0,0,0,0,,,,,,,0,,0,0,39:47.0,10:51.6,,NULL,NULL
DR,2.12643E+17,2,UGAA,UAT1,SCB,B100004B014B0051,UAT1,SCB,9941005141,989,0,N,31,110,12,5,6,2.12643E+17,0,0,260416,113951,0,260416,0,0,0,0,0,260416,14,50,0,1.40011E+20,,,,,,,,,,39,0,0,,0,9941005141,0,38741.12,0,0,0,0,0,0,0,72,??????????????????????,ORFT-COUNTER SCB,0,0,0,22.4,35.2,22.4,2.24004E+14,0,764,140,0,0,14,4,,0,0,0,0,CB      000000000,0,0,A,P,0,0,0,0,0,0,0,,,,,8E+13,80,0,0,0,0,0,0,00000000000000000000N0,,,,,,,,0,0,0,0,0,0,0,0,5895999999999990=1299ORFT-COUNTER S8507,ORFT-COU,NTER S,85,7,0,0,00N,N,,,,,,,,,,,,,0,0,0,0,0,0,0,0,0,,,,,,,0,N,,N,N,,,,,,,,,,,,,,,0,0,0,0,0,0,,,,,,,0,,0,0,39:51.0,10:51.6,,NULL,NULL
DR,2.12643E+17,2,UGAA,UAT1,SCB,B100004B014B0051,UAT1,SCB,9941005141,989,0,N,31,110,12,5,6,2.12643E+17,0,0,260416,113951,0,260416,0,0,0,0,0,260416,15,50,0,1.40011E+20,,,,,,,,,,39,0,0,,0,9941005141,0,38741.12,0,0,0,0,0,0,0,72,??????????????????????,ORFT-COUNTER SCB,0,0,0,22.4,35.2,22.4,2.24004E+14,0,764,140,0,0,14,4,,0,0,0,0,CB      000000000,0,0,A,P,0,0,0,0,0,0,0,,,,,8E+13,80,0,0,0,0,0,0,00000000000000000000N0,,,,,,,,0,0,0,0,0,0,0,0,5895999999999990=1299ORFT-COUNTER S8507,ORFT-COU,NTER S,85,7,0,0,00N,N,,,,,,,,,,,,,0,0,0,0,0,0,0,0,0,,,,,,,0,N,,N,N,,,,,,,,,,,,,,,0,0,0,0,0,0,,,,,,,0,,0,0,39:51.0,10:51.6,,NULL,NULL
DR,2.12643E+17,2,UGAA,UAT1,SCB,S1G36A513,UAT1,SCB,5.57756E+15,501,501,N,31,110,12,1,6,2.12643E+17,0,0,260416,114006,72,260416,0,0,0,0,0,260416,38,30,0,1.40011E+20,,,,,,,,,,39,11,0,4340359024,0,7021000152,0,3600,0,0,0,441,5,T,T,72,DIEBOLD 510/560 XP,0,i :,W,sH,0,13,5,1300000500,0,764,142,400.0001,0,14,24,1000000,0,1,0,0,,0,0,A,P,0,0,0,0,0,0,0,,,,,1.8E+13,18,0,0,0,0,0,0,00000000000000000000N0,,,,,,,,0,1.05006E+14,105,58,87,115,1,0,5577557300397933=3008000000000000000000,0,0,0,0,T5,4,41N,N,,,,,,,,,,,,,0,0,0,0,0,0,0,0,0,,,,,,,0,N,,N,Y,,,,,,,,,,,,,,,0,0,0,0,0,0,,,,,,,0,,0,0,40:06.0,10:51.6,,NULL,NULL
DR,2.12643E+17,2,UGAA,UAT1,SCB,S1G36A513,UAT1,SCB,5.57756E+15,501,501,N,31,110,0,1,5,2.12643E+17,2.12643E+17,2.12643E+17,260416,114011,94,260416,0,0,0,0,0,0,39,30,0,9E+21,,,,,,,,,,39,0,43,4340359024,0,0,0,0,0,0,0,442,5,T,T,0,DIEBOLD 510/560 XP,0,i :,W,sH,0,0,0,0,0,764,0,0.0001,0,0,0,1000000,0,1,0,0,,0,0,A,P,0,0,0,0,0,0,0,,,,,000000000000  00,0,0,,,0,0,0,00000000000000000000N0,,,,,,,,0,1.05006E+14,105,58,87,115,0,0,5577557300397933=3008000000000000000000,0,0,0,0,T5,4,42N,N,,,,,,,,,,,,,0,0,0,0,0,0,0,0,0,,,,,,,0,N,,N,Y,,,,,,,,,,,,,,,0,0,0,0,0,0,,,,,,,0,,0,0,40:11.0,10:51.6,,NULL,NULL
DR,2.12643E+17,2,UGAA,UAT1,SCB,B100004B014B0051,UAT1,SCB,1010000071,989,0,N,31,110,12,5,6,2.12643E+17,0,0,260416,114031,0,260416,0,0,0,0,0,260416,16,50,0,1.40011E+20,,,,,,,,,,39,0,0,,0,1010000071,0,38741.12,0,0,0,0,0,0,0,72,??????????????????????,ORFT-COUNTER SCB,0,0,0,22.4,35.2,22.4,2.24004E+14,0,764,140,0,0,14,2,,0,0,0,0,CB      000000000,0,0,A,P,0,0,0,0,0,0,0,,,,,8E+13,80,0,0,0,0,0,0,00000000000000000000N0,,,,,,,,0,0,0,0,0,0,0,0,5895999999999990=1299ORFT-COUNTER S8507,ORFT-COU,NTER S,85,7,0,0,00N,N,,,,,,,,,,,,,0,0,0,0,0,0,0,0,0,,,,,,,0,N,,N,N,,,,,,,,,,,,,,,0,0,0,0,0,0,,,,,,,0,,0,0,40:31.0,10:51.6,,NULL,NULL
DR,2.12643E+17,2,UGAA,UAT1,SCB,S1G36A513,UAT1,SCB,5.57756E+15,501,501,N,31,110,12,1,6,2.12643E+17,0,0,260416,114032,48,260416,0,0,0,0,0,260416,40,30,0,1.40011E+20,,,,,,,,,,39,11,0,4340359024,0,7007219272,0,1500,0,0,0,443,5,T,T,72,DIEBOLD 510/560 XP,0,i :,W,sH,0,13,5,1300000500,0,764,142,200.0001,0,14,22,1000000,0,1,0,0,,0,0,A,P,0,0,0,0,0,0,0,,,,,1.8E+13,18,0,0,0,0,0,0,00000000000000000000N0,,,,,,,,0,1.05006E+14,105,58,87,115,1,0,5577557300397933=3008000000000000000000,0,0,0,0,T5,4,43N,N,,,,,,,,,,,,,0,0,0,0,0,0,0,0,0,,,,,,,0,N,,N,Y,,,,,,,,,,,,,,,0,0,0,0,0,0,,,,,,,0,,0,0,40:32.0,10:51.6,,NULL,NULL
DR,2.12643E+17,2,UGAA,UAT1,SCB,S1G36A513,UAT1,SCB,5.57756E+15,501,501,N,31,110,0,1,5,2.12643E+17,2.12643E+17,2.12643E+17,260416,114037,67,260416,0,0,0,0,0,0,41,30,0,9E+21,,,,,,,,,,39,0,43,4340359024,0,0,0,0,0,0,0,444,5,T,T,0,DIEBOLD 510/560 XP,0,i :,W,sH,0,0,0,0,0,764,0,0.0001,0,0,0,1000000,0,1,0,0,,0,0,A,P,0,0,0,0,0,0,0,,,,,000000000000  00,0,0,,,0,0,0,00000000000000000000N0,,,,,,,,0,1.05006E+14,105,58,87,115,0,0,5577557300397933=3008000000000000000000,0,0,0,0,T5,4,44N,N,,,,,,,,,,,,,0,0,0,0,0,0,0,0,0,,,,,,,0,N,,N,Y,,,,,,,,,,,,,,,0,0,0,0,0,0,,,,,,,0,,0,0,40:37.0,10:51.6,,NULL,NULL
DR,2.12643E+17,2,UGAA,UAT1,SCB,B100004B014B0051,UAT1,SCB,1010000071,989,0,N,31,110,12,5,6,2.12643E+17,0,0,260416,114053,0,260416,0,0,0,0,0,260416,17,50,0,1.40011E+20,,,,,,,,,,39,0,0,,0,1010000071,0,10000,0,0,0,0,0,0,0,72,??????????????????????,ORFT-COUNTER SCB,0,0,0,14,22,14,1.40002E+14,0,764,140,0,0,14,2,,0,0,0,0,CB      000000000,0,0,A,P,0,0,0,0,0,0,0,,,,,5E+13,50,0,0,0,0,0,0,00000000000000000000N0,,,,,,,,0,0,0,0,0,0,0,0,5895999999999990=1299ORFT-COUNTER S8507,ORFT-COU,NTER S,85,7,0,0,00N,N,,,,,,,,,,,,,0,0,0,0,0,0,0,0,0,,,,,,,0,N,,N,N,,,,,,,,,,,,,,,0,0,0,0,0,0,,,,,,,0,,0,0,40:53.0,10:51.6,,NULL,NULL
DR,2.12643E+17,2,UGAA,UAT1,SCB,S1G36A513,UAT1,SCB,5.57756E+15,501,501,N,31,110,12,1,6,2.12643E+17,0,0,260416,114056,6,260416,0,0,0,0,0,260416,42,30,0,1.40011E+20,,,,,,,,,,39,11,0,4340359024,0,7772257257,0,500,0,0,0,445,5,T,T,72,DIEBOLD 510/560 XP,0,i :,W,sH,0,13,5,1300000500,0,764,147,100.0001,0,14,71,1000000,0,1,0,0,,0,0,A,P,0,0,0,0,0,0,0,,,,,1.8E+13,18,0,0,0,0,0,0,00000000000000000000N0,,,,,,,,0,1.05006E+14,105,58,87,115,1,0,5577557300397933=3008000000000000000000,0,0,0,0,T5,4,45N,N,,,,,,,,,,,,,0,0,0,0,0,0,0,0,0,,,,,,,0,N,,N,Y,,,,,,,,,,,,,,,0,0,0,0,0,0,,,,,,,0,,0,0,40:56.0,10:51.6,,NULL,NULL
DR,2.12643E+17,2,UGAA,UAT1,SCB,S1G36A513,UAT1,SCB,5.57756E+15,501,501,N,31,110,0,1,5,2.12643E+17,2.12643E+17,2.12643E+17,260416,114100,72,260416,0,0,0,0,0,0,43,30,0,9E+21,,,,,,,,,,39,0,43,4340359024,0,0,0,0,0,0,0,446,5,T,T,0,DIEBOLD 510/560 XP,0,i :,W,sH,0,0,0,0,0,764,0,0.0001,0,0,0,1000000,0,1,0,0,,0,0,A,P,0,0,0,0,0,0,0,,,,,000000000000  00,0,0,,,0,0,0,00000000000000000000N0,,,,,,,,0,1.05006E+14,105,58,87,115,0,0,5577557300397933=3008000000000000000000,0,0,0,0,T5,4,46N,N,,,,,,,,,,,,,0,0,0,0,0,0,0,0,0,,,,,,,0,N,,N,Y,,,,,,,,,,,,,,,0,0,0,0,0,0,,,,,,,0,,0,0,41:00.0,10:51.6,,NULL,NULL
DR,2.12643E+17,2,UGAA,UAT1,SCB,S1G36A513,UAT1,SCB,5.57756E+15,501,501,N,31,110,12,1,6,2.12643E+17,0,0,260416,114127,66,260416,0,0,0,0,0,260416,44,30,0,1.40011E+20,,,,,,,,,,39,11,0,4340359024,0,1010239458,0,600,0,0,0,447,5,T,T,72,DIEBOLD 510/560 XP,0,i :,W,sH,0,13,5,1300000500,0,764,147,0.0001,0,14,70,1000000,0,1,0,0,,0,0,A,P,0,0,0,0,0,0,0,,,,,1.8E+13,18,0,0,0,0,0,0,00000000000000000000N0,,,,,,,,0,1.05006E+14,105,58,87,115,1,0,5577557300397933=3008000000000000000000,0,0,0,0,T5,4,47N,N,,,,,,,,,,,,,0,0,0,0,0,0,0,0,0,,,,,,,0,N,,N,Y,,,,,,,,,,,,,,,0,0,0,0,0,0,,,,,,,0,,0,0,41:27.0,10:51.6,,NULL,NULL
DR,2.12643E+17,2,UGAA,UAT1,SCB,S1G36A513,UAT1,SCB,5.57756E+15,501,501,N,31,110,0,1,5,2.12643E+17,2.12643E+17,2.12643E+17,260416,114132,36,260416,0,0,0,0,0,0,45,30,0,9E+21,,,,,,,,,,39,0,43,4340359024,0,0,0,0,0,0,0,448,5,T,T,0,DIEBOLD 510/560 XP,0,i :,W,sH,0,0,0,0,0,764,0,0.0001,0,0,0,1000000,0,1,0,0,,0,0,A,P,0,0,0,0,0,0,0,,,,,000000000000  00,0,0,,,0,0,0,00000000000000000000N0,,,,,,,,0,1.05006E+14,105,58,87,115,0,0,5577557300397933=3008000000000000000000,0,0,0,0,T5,4,48N,N,,,,,,,,,,,,,0,0,0,0,0,0,0,0,0,,,,,,,0,N,,N,Y,,,,,,,,,,,,,,,0,0,0,0,0,0,,,,,,,0,,0,0,41:32.0,10:51.6,,NULL,NULL
DR,2.12643E+17,2,UGAA,UAT1,SCB,B100004B014B0051,UAT1,SCB,1010000071,989,0,N,31,110,12,5,6,2.12643E+17,0,0,260416,114135,0,260416,0,0,0,0,0,260416,18,50,0,1.40011E+20,,,,,,,,,,39,0,0,,0,1010000071,0,10000,0,0,0,0,0,0,0,72,??????????????????????,ORFT-COUNTER SCB,0,0,0,14,22,14,1.40002E+14,0,764,140,0,0,14,2,,0,0,0,0,CB      000000000,0,0,A,P,0,0,0,0,0,0,0,,,,,5E+13,50,0,0,0,0,0,0,00000000000000000000N0,,,,,,,,0,0,0,0,0,0,0,0,5895999999999990=1299ORFT-COUNTER S8507,ORFT-COU,NTER S,85,7,0,0,00N,N,,,,,,,,,,,,,0,0,0,0,0,0,0,0,0,,,,,,,0,N,,N,N,,,,,,,,,,,,,,,0,0,0,0,0,0,,,,,,,0,,0,0,41:35.0,10:51.6,,NULL,NULL
DR,2.12643E+17,2,UAAA,UAT1,SCB,S1A365316,UAT1,SCB,5.57755E+15,111,1,N,31,210,0,1,3,2.12643E+17,0,0,260416,114143,56,260416,0,0,0,0,0,0,1959,22,0,9E+21,,,,,,,,,,31,0,41,0,0,0,0,0,0,0,0,0,5,F,F,1,NCR S6622E XP,SCB,บ ป,ญ,H,0,0,0,0,0,764,0,0,34723282.96,0,0,0,0,0,0,0,3.47233E+18,0,0,0,0,0,0,0,0,0,0,0,,,,,0,0,0,0,0,0,0,0,0,,,,,,,,0,7.04019E+14,704,193,431,0,0,0,5577550116022084=2705              1600,,,16,0,F5,0,00N,N,,,,,,,,,,,,,0,0,0,0,0,0,0,0,0,,,,,,,0,N,,N,N,,,,,,,,,,,,,,,0,0,0,0,0,0,,,,,,,0,,0,0,41:43.0,10:51.7,,NULL,NULL
DR,2.12643E+17,2,UAAA,UAT1,SCB,S1A365316,UAT1,SCB,5.57755E+15,111,1,N,31,110,0,1,5,2.12643E+17,2.12643E+17,2.12643E+17,260416,114145,19,260416,0,0,0,0,0,0,1960,22,0,14,,,,,,,,,,34,11,64,4180156026,0,2.0503E+17,0,0,0,0,0,119,5,T,T,56,NCR S6622E XP,0,บ ป,ญ,H,0,0,0,,0,764,,0,0,,,,0,0,0,0,,0,0,0,P,1,0,0,0,0,0,0,,,,,0,0,0,0,0,0,0,0,00000444444  N0,,,,,,,,0,7.04019E+14,704,193,431,0,5011,0,5577550116022084=2705000000000000001600,0,0,16,0,T5,1,19N,N,,,,,,,,,,,,,0,0,0,0,0,0,0,0,0,,,,,,,0,N,,N,Y,,,,,,,,,,,,,,,0,0,0,0,0,0,,,,,,,0,,0,0,41:45.0,10:51.7,,NULL,NULL
DR,2.12643E+17,2,UAAA,UAT1,SCB,S1A365316,UAT1,SCB,5.57755E+15,111,1,N,31,210,0,1,5,2.12643E+17,2.12643E+17,2.12643E+17,260416,114152,42,260416,0,0,0,0,0,0,1961,22,0,9E+21,,,,,,,,,,30,11,0,4180156026,0,0,0,0,10137210.55,10137210.55,0,120,5,T,T,0,NCR S6622E XP,0,บ ป,ญ,H,0,0,0,,0,764,0,0,34723282.96,0,0,0,0,0,0,0,3.47233E+18,0,0,0,P,0,0,0,0,0,0,0,,,,,0,0,0,0,0,0,0,0,0,,,,,,,,0,7.04019E+14,704,193,431,0,5011,,5577550116022084=2705000000000000001600,0,0,16,0,T5,1,20N,N,,,,,,,,,,,,,0,0,0,0,0,0,0,0,0,,,,,,,0,N,,N,Y,,,,,,,,,,,,,,,0,0,0,0,0,0,,,,,,,0,,0,0,41:52.0,10:51.7,1,NULL,NULL
DR,2.12643E+17,2,UGAA,UAT1,SCB,S1G36A513,UAT1,SCB,5.57756E+15,501,501,N,31,110,12,1,6,2.12643E+17,0,0,260416,114157,18,260416,0,0,0,0,0,260416,46,30,0,1.40011E+20,,,,,,,,,,39,11,0,4340359024,0,1.59261E+12,0,800,0,0,0,449,5,T,T,72,DIEBOLD 510/560 XP,0,i :,W,sH,0,13,5,1300000500,0,764,146,700.0001,0,14,67,1000000,0,1,0,0,,0,0,A,P,0,0,0,0,0,0,0,,,,,1.8E+13,18,0,0,0,0,0,0,00000000000000000000N0,,,,,,,,0,1.05006E+14,105,58,87,115,1,0,5577557300397933=3008000000000000000000,0,0,0,0,T5,4,49N,N,,,,,,,,,,,,,0,0,0,0,0,0,0,0,0,,,,,,,0,N,,N,Y,,,,,,,,,,,,,,,0,0,0,0,0,0,,,,,,,0,,0,0,41:57.0,10:51.6,,NULL,NULL
DR,2.12643E+17,2,UGAA,UAT1,SCB,S1G36A513,UAT1,SCB,5.57756E+15,501,501,N,31,110,0,1,5,2.12643E+17,2.12643E+17,2.12643E+17,260416,114204,86,260416,0,0,0,0,0,0,47,30,0,9E+21,,,,,,,,,,39,0,43,4340359024,0,0,0,0,0,0,0,450,5,T,T,0,DIEBOLD 510/560 XP,0,i :,W,sH,0,0,0,0,0,764,0,0.0001,0,0,0,1000000,0,1,0,0,,0,0,A,P,0,0,0,0,0,0,0,,,,,000000000000  00,0,0,,,0,0,0,00000000000000000000N0,,,,,,,,0,1.05006E+14,105,58,87,115,0,0,5577557300397933=3008000000000000000000,0,0,0,0,T5,4,50N,N,,,,,,,,,,,,,0,0,0,0,0,0,0,0,0,,,,,,,0,N,,N,Y,,,,,,,,,,,,,,,0,0,0,0,0,0,,,,,,,0,,0,0,42:04.0,10:51.6,,NULL,NULL
DR,2.12643E+17,2,UGAA,UAT1,SCB,S1G365310,UAT1,SCB,5.57755E+15,111,1,N,31,210,0,1,3,2.12643E+17,0,0,260416,114216,98,260416,0,0,0,0,0,0,872,22,0,9E+21,,,,,,,,,,31,0,41,0,0,0,0,0,0,0,0,0,5,F,F,1,NCR S6622E XP'S(ATM)@,SCB,8:00,v,H,0,0,0,0,0,764,0,0,34723282.96,0,0,0,0,0,0,0,3.47233E+18,0,0,0,0,0,0,0,0,0,0,0,,,,,0,0,0,0,0,0,0,0,0,,,,,,,,0,5.60058E+13,56,58,118,0,0,0,5577550116023108=3008              1600,,,16,0,F5,0,00N,N,,,,,,,,,,,,,0,0,0,0,0,0,0,0,0,,,,,,,0,N,,N,N,,,,,,,,,,,,,,,0,0,0,0,0,0,,,,,,,0,,0,0,42:16.0,10:51.6,,NULL,NULL
DR,2.12643E+17,2,UGAA,UAT1,SCB,S1G365310,UAT1,SCB,5.57755E+15,111,1,N,31,210,0,1,3,2.12643E+17,0,0,260416,114221,41,260416,0,0,0,0,0,0,873,22,0,9E+21,,,,,,,,,,30,11,0,0,0,0,0,0,0,0,0,2751,5,T,T,53,NCR S6622E XP'S(ATM)@,0,8:00,v,H,0,0,0,,0,764,0,0,34723282.96,0,0,0,0,0,0,0,3.47233E+18,0,0,0,0,0,0,0,0,0,0,0,,,,,0,0,0,0,0,0,0,0,0,,,,,,,,0,5.60058E+13,56,58,118,0,0,0,5577550116023108=3008000000000000001600,0,0,16,0,T5,27,51N,N,,,,,,,,,,,,,0,0,0,0,0,0,0,0,0,,,,,,,0,N,,N,N,,,,,,,,,,,,,,,0,0,0,0,0,0,,,,,,,0,,0,0,42:21.0,10:51.6,1,NULL,NULL
DR,2.12643E+17,2,UGAA,UAT1,SCB,S1G365310,UAT1,SCB,5.57755E+15,111,1,N,31,210,0,1,5,2.12643E+17,2.12643E+17,2.12643E+17,260416,114230,85,260416,0,0,0,0,0,0,874,22,0,9E+21,,,,,,,,,,30,11,0,5492111116,0,0,0,0,463816.75,463816.75,0,2752,5,T,T,0,NCR S6622E XP'S(ATM)@,0,8:00,v,H,0,0,0,,0,764,0,0,34723282.96,0,0,0,0,0,0,0,3.47233E+18,0,0,0,P,0,0,0,0,0,0,0,,,,,1000,0,0,1,0,0,0,0,0,,,,,,,,0,5.60058E+13,56,58,118,0,549,,5577550116023108=3008000000000000001600,0,0,16,0,T5,27,52N,N,,,,,,,,,,,,,0,0,0,0,0,0,0,0,0,,,,,,,0,N,,N,Y,,,,,,,,,,,,,,,0,0,0,0,0,0,,,,,,,0,,0,0,42:30.0,10:51.6,1,NULL,NULL
DR,2.12643E+17,2,UGAA,UAT1,SCB,S1G36A513,UAT1,SCB,5.57756E+15,501,501,N,31,110,12,1,6,2.12643E+17,0,0,260416,114231,44,260416,0,0,0,0,0,260416,48,30,0,1.40011E+20,,,,,,,,,,39,11,0,4340359024,0,1E+15,0,1600,0,0,0,451,5,T,T,72,DIEBOLD 510/560 XP,0,i :,W,sH,0,13,5,1300000500,0,764,145,200.0001,0,14,52,1000000,0,1,0,0,,0,0,A,P,0,0,0,0,0,0,0,,,,,1.8E+13,18,0,0,0,0,0,0,00000000000000000000N0,,,,,,,,0,1.05006E+14,105,58,87,115,1,0,5577557300397933=3008000000000000000000,0,0,0,0,T5,4,51N,N,,,,,,,,,,,,,0,0,0,0,0,0,0,0,0,,,,,,,0,N,,N,Y,,,,,,,,,,,,,,,0,0,0,0,0,0,,,,,,,0,,0,0,42:31.0,10:51.6,,NULL,NULL
DR,2.12643E+17,2,UGAA,UAT1,SCB,S1G36A513,UAT1,SCB,5.57756E+15,501,501,N,31,110,0,1,5,2.12643E+17,2.12643E+17,2.12643E+17,260416,114236,33,260416,0,0,0,0,0,0,49,30,0,9E+21,,,,,,,,,,39,0,43,4340359024,0,0,0,0,0,0,0,452,5,T,T,0,DIEBOLD 510/560 XP,0,i :,W,sH,0,0,0,0,0,764,0,0.0001,0,0,0,1000000,0,1,0,0,,0,0,A,P,0,0,0,0,0,0,0,,,,,000000000000  00,0,0,,,0,0,0,00000000000000000000N0,,,,,,,,0,1.05006E+14,105,58,87,115,0,0,5577557300397933=3008000000000000000000,0,0,0,0,T5,4,52N,N,,,,,,,,,,,,,0,0,0,0,0,0,0,0,0,,,,,,,0,N,,N,Y,,,,,,,,,,,,,,,0,0,0,0,0,0,,,,,,,0,,0,0,42:36.0,10:51.6,,NULL,NULL
DR,2.12643E+17,2,UGAA,UAT1,SCB,S1G36A513,UAT1,SCB,5.57756E+15,501,501,N,31,110,0,1,5,2.12643E+17,2.12643E+17,2.12643E+17,260416,114247,28,260416,0,0,0,0,0,0,50,30,0,9E+21,,,,,,,,,,39,0,43,4340359024,0,0,0,0,0,0,0,453,5,T,T,0,DIEBOLD 510/560 XP,0,i :,W,sH,0,0,0,0,0,764,0,0.0001,0,0,0,1000000,0,1,0,0,,0,0,A,P,0,0,0,0,0,0,0,,,,,000000000000  00,0,0,,,0,0,0,00000000000000000000N0,,,,,,,,0,1.05006E+14,105,58,87,115,0,0,5577557300397933=3008000000000000000000,0,0,0,0,T5,4,53N,N,,,,,,,,,,,,,0,0,0,0,0,0,0,0,0,,,,,,,0,N,,N,Y,,,,,,,,,,,,,,,0,0,0,0,0,0,,,,,,,0,,0,0,42:47.0,10:51.6,,NULL,NULL
DR,2.12643E+17,2,UGAA,UAT1,SCB,B100004B014B0051,UAT1,SCB,206044097,989,0,N,31,110,12,5,6,2.12643E+17,0,0,260416,114310,0,260416,0,0,0,0,0,260416,19,50,0,1.40011E+20,,,,,,,,,,39,0,0,,0,206044097,0,10000,0,0,0,0,0,0,0,72,??????????????????????,ORFT-COUNTER SCB,0,0,0,14,22,14,1.40002E+14,0,764,140,0,0,14,6,,0,0,0,0,CB      000000000,0,0,A,P,0,0,0,0,0,0,0,,,,,5E+13,50,0,0,0,0,0,0,00000000000000000000N0,,,,,,,,0,0,0,0,0,0,0,0,5895999999999990=1299ORFT-COUNTER S8507,ORFT-COU,NTER S,85,7,0,0,00N,N,,,,,,,,,,,,,0,0,0,0,0,0,0,0,0,,,,,,,0,N,,N,N,,,,,,,,,,,,,,,0,0,0,0,0,0,,,,,,,0,,0,0,43:10.0,10:51.6,,NULL,NULL
DR,2.12643E+17,2,UGAA,UAT1,SCB,S1G36A513,UAT1,SCB,5.57756E+15,501,501,N,31,110,12,1,6,2.12643E+17,0,0,260416,114314,81,260416,0,0,0,0,0,260416,51,30,0,1.40011E+20,,,,,,,,,,39,11,0,4340359024,0,8002014200,0,5000,0,0,0,454,5,T,T,72,DIEBOLD 510/560 XP,0,i :,W,sH,0,13,5,1300000500,0,764,147,300.0001,0,14,73,1000000,0,1,0,0,,0,0,A,P,0,0,0,0,0,0,0,,,,,1.8E+13,18,0,0,0,0,0,0,00000000000000000000N0,,,,,,,,0,1.05006E+14,105,58,87,115,1,0,5577557300397933=3008000000000000000000,0,0,0,0,T5,4,54N,N,,,,,,,,,,,,,0,0,0,0,0,0,0,0,0,,,,,,,0,N,,N,Y,,,,,,,,,,,,,,,0,0,0,0,0,0,,,,,,,0,,0,0,43:14.0,10:51.6,,NULL,NULL
DR,2.12643E+17,2,UGAA,UAT1,SCB,S1G36A513,UAT1,SCB,5.57756E+15,501,501,N,31,110,0,1,5,2.12643E+17,2.12643E+17,2.12643E+17,260416,114319,56,260416,0,0,0,0,0,0,52,30,0,9E+21,,,,,,,,,,39,0,43,4340359024,0,0,0,0,0,0,0,455,5,T,T,0,DIEBOLD 510/560 XP,0,i :,W,sH,0,0,0,0,0,764,0,0.0001,0,0,0,1000000,0,1,0,0,,0,0,A,P,0,0,0,0,0,0,0,,,,,000000000000  00,0,0,,,0,0,0,00000000000000000000N0,,,,,,,,0,1.05006E+14,105,58,87,115,0,0,5577557300397933=3008000000000000000000,0,0,0,0,T5,4,55N,N,,,,,,,,,,,,,0,0,0,0,0,0,0,0,0,,,,,,,0,N,,N,Y,,,,,,,,,,,,,,,0,0,0,0,0,0,,,,,,,0,,0,0,43:19.0,10:51.6,,NULL,NULL
DR,2.12643E+17,2,UGAA,UAT1,SCB,S1G36A513,UAT1,SCB,5.57756E+15,501,501,N,31,110,12,1,6,2.12643E+17,0,0,260416,114341,18,260416,0,0,0,0,0,260416,53,30,0,1.40011E+20,,,,,,,,,,39,11,0,4340359024,0,31063713,0,5000,0,0,0,456,5,T,T,72,DIEBOLD 510/560 XP,0,i :,W,sH,0,13,5,1300000500,0,764,146,600.0001,0,14,66,1000000,0,1,0,0,,0,0,A,P,0,0,0,0,0,0,0,,,,,1.8E+13,18,0,0,0,0,0,0,00000000000000000000N0,,,,,,,,0,1.05006E+14,105,58,87,115,1,0,5577557300397933=3008000000000000000000,0,0,0,0,T5,4,56N,N,,,,,,,,,,,,,0,0,0,0,0,0,0,0,0,,,,,,,0,N,,N,Y,,,,,,,,,,,,,,,0,0,0,0,0,0,,,,,,,0,,0,0,43:41.0,10:51.6,,NULL,NULL
DR,2.12643E+17,2,UGAA,UAT1,SCB,S1G36A513,UAT1,SCB,5.57756E+15,501,501,N,31,110,0,1,5,2.12643E+17,2.12643E+17,2.12643E+17,260416,114345,81,260416,0,0,0,0,0,0,54,30,0,9E+21,,,,,,,,,,39,0,43,4340359024,0,0,0,0,0,0,0,457,5,T,T,0,DIEBOLD 510/560 XP,0,i :,W,sH,0,0,0,0,0,764,0,0.0001,0,0,0,1000000,0,1,0,0,,0,0,A,P,0,0,0,0,0,0,0,,,,,000000000000  00,0,0,,,0,0,0,00000000000000000000N0,,,,,,,,0,1.05006E+14,105,58,87,115,0,0,5577557300397933=3008000000000000000000,0,0,0,0,T5,4,57N,N,,,,,,,,,,,,,0,0,0,0,0,0,0,0,0,,,,,,,0,N,,N,Y,,,,,,,,,,,,,,,0,0,0,0,0,0,,,,,,,0,,0,0,43:45.0,10:51.6,,NULL,NULL
DR,2.12643E+17,2,UGAA,UAT1,SCB,B100000B014B0019,UAT1,SCB,2281443302,111,0,N,31,110,12,5,6,2.12643E+17,0,0,260416,114405,0,260416,0,0,0,0,0,260416,7,50,0,1.40011E+20,,,,,,,,,,39,0,0,,0,2281443302,0,500,0,0,0,0,0,0,0,72,????????????,ORFT-COUNTER SCB,0,0,0,14,22,14,1.40002E+14,0,764,140,0,0,14,6,,0,0,0,0,CB      000000000,0,0,A,P,0,0,0,0,0,0,0,,,,,5E+13,50,0,0,0,0,0,0,00000000000000000000N0,,,,,,,,0,0,0,0,0,0,0,0,5895999999999990=1299ORFT-COUNTER S8507,ORFT-COU,NTER S,85,7,0,0,00N,N,,,,,,,,,,,,,0,0,0,0,0,0,0,0,0,,,,,,,0,N,,N,N,,,,,,,,,,,,,,,0,0,0,0,0,0,,,,,,,0,,0,0,44:05.0,10:51.6,,NULL,NULL
DR,2.12643E+17,2,UGAA,UAT1,SCB,S1G36A513,UAT1,SCB,5.57756E+15,501,501,N,31,110,12,1,6,2.12643E+17,0,0,260416,114410,53,260416,0,0,0,0,0,260416,55,30,0,1.40011E+20,,,,,,,,,,39,11,0,4340359024,0,7771630164,0,1400,0,0,0,458,5,T,T,72,DIEBOLD 510/560 XP,0,i :,W,sH,0,13,5,1300000500,0,764,142,500.0001,0,14,25,1000000,0,1,0,0,,0,0,A,P,0,0,0,0,0,0,0,,,,,1.8E+13,18,0,0,0,0,0,0,00000000000000000000N0,,,,,,,,0,1.05006E+14,105,58,87,115,1,0,5577557300397933=3008000000000000000000,0,0,0,0,T5,4,58N,N,,,,,,,,,,,,,0,0,0,0,0,0,0,0,0,,,,,,,0,N,,N,Y,,,,,,,,,,,,,,,0,0,0,0,0,0,,,,,,,0,,0,0,44:10.0,10:51.6,,NULL,NULL
DR,2.12643E+17,2,UGAA,UAT1,SCB,B100000B014B0019,UAT1,SCB,206044097,111,0,N,31,110,12,5,6,2.12643E+17,0,0,260416,114424,0,260416,0,0,0,0,0,260416,8,50,0,1.40011E+20,,,,,,,,,,39,0,0,,0,206044097,0,500,0,0,0,0,0,0,0,72,????????????,ORFT-COUNTER SCB,0,0,0,14,22,14,1.40002E+14,0,764,140,0,0,14,6,,0,0,0,0,CB      000000000,0,0,A,P,0,0,0,0,0,0,0,,,,,5E+13,50,0,0,0,0,0,0,00000000000000000000N0,,,,,,,,0,0,0,0,0,0,0,0,5895999999999990=1299ORFT-COUNTER S8507,ORFT-COU,NTER S,85,7,0,0,00N,N,,,,,,,,,,,,,0,0,0,0,0,0,0,0,0,,,,,,,0,N,,N,N,,,,,,,,,,,,,,,0,0,0,0,0,0,,,,,,,0,,0,0,44:24.0,10:51.6,,NULL,NULL
DR,2.12643E+17,2,UGAA,UAT1,SCB,B100000B014B0019,UAT1,SCB,19562702,111,0,N,31,110,12,5,6,2.12643E+17,0,0,260416,114444,0,260416,0,0,0,0,0,260416,9,50,0,1.40011E+20,,,,,,,,,,39,0,0,,0,19562702,0,100,0,0,0,0,0,0,0,72,????????????,ORFT-COUNTER SCB,0,0,0,14,22,14,1.40002E+14,0,764,142,0,0,14,25,,0,0,0,0,CB      000000000,0,0,A,P,0,0,0,0,0,0,0,,,,,5E+13,50,0,0,0,0,0,0,00000000000000000000N0,,,,,,,,0,0,0,0,0,0,0,0,5895999999999990=1299ORFT-COUNTER S8507,ORFT-COU,NTER S,85,7,0,0,00N,N,,,,,,,,,,,,,0,0,0,0,0,0,0,0,0,,,,,,,0,N,,N,N,,,,,,,,,,,,,,,0,0,0,0,0,0,,,,,,,0,,0,0,44:44.0,10:51.6,,NULL,NULL
DR,2.12643E+17,2,UGAA,UAT1,SCB,B100000B014B0019,UAT1,SCB,0,111,0,N,31,110,12,5,6,2.12643E+17,0,0,260416,114509,0,260416,0,0,0,0,0,260416,10,50,0,1.40011E+20,,,,,,,,,,39,0,0,,0,0,0,1000,0,0,0,0,0,0,0,72,????????????,ORFT-COUNTER SCB,0,0,0,14,22,14,1.40002E+14,0,764,142,0,0,14,25,,0,0,0,0,CB      000000000,0,0,A,P,0,0,0,0,0,0,0,,,,,5E+13,50,0,0,0,0,0,0,00000000000000000000N0,,,,,,,,0,0,0,0,0,0,0,0,5895999999999990=1299ORFT-COUNTER S8507,ORFT-COU,NTER S,85,7,0,0,00N,N,,,,,,,,,,,,,0,0,0,0,0,0,0,0,0,,,,,,,0,N,,N,N,,,,,,,,,,,,,,,0,0,0,0,0,0,,,,,,,0,,0,0,45:09.0,10:51.6,,NULL,NULL
DR,2.12643E+17,2,UGAA,UAT1,SCB,B100000B014B0019,UAT1,SCB,0,111,0,N,31,110,12,5,6,2.12643E+17,0,0,260416,114518,0,260416,0,0,0,0,0,260416,11,50,0,1.40011E+20,,,,,,,,,,39,0,0,,0,0,0,1000,0,0,0,0,0,0,0,72,????????????,ORFT-COUNTER SCB,0,0,0,14,22,14,1.40002E+14,0,764,142,0,0,14,25,,0,0,0,0,CB      000000000,0,0,A,P,0,0,0,0,0,0,0,,,,,5E+13,50,0,0,0,0,0,0,00000000000000000000N0,,,,,,,,0,0,0,0,0,0,0,0,5895999999999990=1299ORFT-COUNTER S8507,ORFT-COU,NTER S,85,7,0,0,00N,N,,,,,,,,,,,,,0,0,0,0,0,0,0,0,0,,,,,,,0,N,,N,N,,,,,,,,,,,,,,,0,0,0,0,0,0,,,,,,,0,,0,0,45:18.0,10:51.6,,NULL,NULL
DR,2.12643E+17,2,UGAA,UAT1,SCB,B100000B014B0019,UAT1,SCB,8462003537,111,0,N,31,110,12,5,6,2.12643E+17,0,0,260416,114537,0,260416,0,0,0,0,0,260416,12,50,0,1.40011E+20,,,,,,,,,,39,0,0,,0,8462003537,0,1000,0,0,0,0,0,0,0,72,????????????,ORFT-COUNTER SCB,0,0,0,14,22,14,1.40002E+14,0,764,141,0,0,14,11,,0,0,0,0,CB      000000000,0,0,A,P,0,0,0,0,0,0,0,,,,,5E+13,50,0,0,0,0,0,0,00000000000000000000N0,,,,,,,,0,0,0,0,0,0,0,0,5895999999999990=1299ORFT-COUNTER S8507,ORFT-COU,NTER S,85,7,0,0,00N,N,,,,,,,,,,,,,0,0,0,0,0,0,0,0,0,,,,,,,0,N,,N,N,,,,,,,,,,,,,,,0,0,0,0,0,0,,,,,,,0,,0,0,45:37.0,10:51.6,,NULL,NULL
DR,2.12643E+17,2,UGAA,UAT1,SCB,B100000B014B0019,UAT1,SCB,1010000071,111,0,N,31,110,12,5,6,2.12643E+17,0,0,260416,114704,0,260416,0,0,0,0,0,260416,13,50,0,1.40011E+20,,,,,,,,,,39,0,0,,0,1010000071,0,200,0,0,0,0,0,0,0,72,????????????,ORFT-COUNTER SCB,0,0,0,14,22,14,1.40002E+14,0,764,140,0,0,14,2,,0,0,0,0,CB      000000000,0,0,A,P,0,0,0,0,0,0,0,,,,,5E+13,50,0,0,0,0,0,0,00000000000000000000N0,,,,,,,,0,0,0,0,0,0,0,0,5895999999999990=1299ORFT-COUNTER S8507,ORFT-COU,NTER S,85,7,0,0,00N,N,,,,,,,,,,,,,0,0,0,0,0,0,0,0,0,,,,,,,0,N,,N,N,,,,,,,,,,,,,,,0,0,0,0,0,0,,,,,,,0,,0,0,47:04.0,10:51.6,,NULL,NULL
DR,2.12643E+17,2,UGAA,UAT1,SCB,B100004B014B0050,UAT1,SCB,1010000071,989,0,N,31,110,11,5,6,2.12643E+17,0,0,260416,121542,0,260416,0,0,0,0,0,260416,21,50,0,1.40012E+20,,,,,,,,,,39,0,0,,0,1010000071,0,10000,0,0,0,0,0,0,0,72,??????????????????????,ORFT-COUNTER SCB,0,0,0,14,22,14,1.40002E+14,0,764,140,0,0,14,2,,0,0,0,0,CB      000000000,0,0,A,P,0,0,0,0,0,0,0,,,,,5E+13,50,0,0,0,0,0,0,00000000000000000000N0,,,,,,,,0,0,0,0,0,0,0,0,5895999999999990=1299ORFT-COUNTER S8507,ORFT-COU,NTER S,85,7,0,0,00N,N,,,,,,,,,,,,,0,0,0,0,0,0,0,0,0,,,,,,,0,N,,N,N,,,,,,,,,,,,,,,0,0,0,0,0,0,,,,,,,0,,0,0,15:42.0,10:51.6,,NULL,NULL
DR,2.12643E+17,2,UAAA,UAT1,SCB,S1A365316,UAT1,SCB,5.57755E+15,111,1,N,31,210,0,1,3,2.12643E+17,0,0,260416,124536,85,260416,0,0,0,0,0,0,1962,22,0,9E+21,,,,,,,,,,31,0,41,0,0,0,0,0,0,0,0,0,5,F,F,1,NCR S6622E XP,SCB,บ ป,ญ,H,0,0,0,0,0,764,0,0,34723282.96,0,0,0,0,0,0,0,3.47233E+18,0,0,0,0,0,0,0,0,0,0,0,,,,,0,0,0,0,0,0,0,0,0,,,,,,,,0,7.04019E+14,704,193,431,0,0,0,5577550116022084=2705              1600,,,16,0,F5,0,00N,N,,,,,,,,,,,,,0,0,0,0,0,0,0,0,0,,,,,,,0,N,,N,N,,,,,,,,,,,,,,,0,0,0,0,0,0,,,,,,,0,,0,0,45:36.0,10:51.7,,NULL,NULL
DR,2.12643E+17,2,UAAA,UAT1,SCB,S1A365316,UAT1,SCB,5.57755E+15,111,1,N,31,110,0,1,5,2.12643E+17,2.12643E+17,2.12643E+17,260416,124538,47,260416,0,0,0,0,0,0,1963,22,0,14,,,,,,,,,,34,11,64,4180156026,0,2.0503E+17,0,0,0,0,0,121,5,T,T,56,NCR S6622E XP,0,บ ป,ญ,H,0,0,0,,0,764,,0,0,,,,0,0,0,0,,0,0,0,P,1,0,0,0,0,0,0,,,,,0,0,0,0,0,0,0,0,00000444444  N0,,,,,,,,0,7.04019E+14,704,193,431,0,5011,0,5577550116022084=2705000000000000001600,0,0,16,0,T5,1,21N,N,,,,,,,,,,,,,0,0,0,0,0,0,0,0,0,,,,,,,0,N,,N,Y,,,,,,,,,,,,,,,0,0,0,0,0,0,,,,,,,0,,0,0,45:38.0,10:51.7,,NULL,NULL
DR,2.12643E+17,2,UAAA,UAT1,SCB,S1A365316,UAT1,SCB,5.57755E+15,111,1,N,31,210,0,1,5,2.12643E+17,2.12643E+17,2.12643E+17,260416,124549,90,260416,0,0,0,0,0,0,1964,22,0,9E+21,,,,,,,,,,38,11,0,4180156026,0,,0,100,0,0,0,122,5,T,T,81,NCR S6622E XP,0,บ ป,ญ,0,0,0,0,0,0,764,140,0,0,14,0,0,0,0,0,0,,0,0,0,P,0,0,0,0,0,0,0,,,,,10,0,0,0,0,1,1,0,0,,,,,,,,0,7.04019E+14,704,193,431,48,5011,0,5577550116022084=2705000000000000001600,0,0,16,0,T5,1,22N,N,0,1.07545E+13,,BILLERID,14,14,0,0,,,,,0,0,0,0,0,0,0,0,0,,,,,Q,,0,N,0,N,Y,,,,,,,,,,,,,,,0,0,0,0,0,0,,,,,,,0,,0,0,45:49.0,10:51.7,,NULL,NULL
DR,2.12643E+17,2,UAAA,UAT1,SCB,S1A365316,UAT1,SCB,5.57755E+15,111,1,N,31,210,0,1,3,2.12643E+17,0,0,260416,124622,34,260416,0,0,0,0,0,0,1965,22,0,9E+21,,,,,,,,,,31,0,41,0,0,0,0,0,0,0,0,0,5,F,F,1,NCR S6622E XP,SCB,บ ป,ญ,H,0,0,0,0,0,764,0,0,34723282.96,0,0,0,0,0,0,0,3.47233E+18,0,0,0,0,0,0,0,0,0,0,0,,,,,0,0,0,0,0,0,0,0,0,,,,,,,,0,7.04019E+14,704,193,431,0,0,0,5577550116022084=2705              1600,,,16,0,F5,0,00N,N,,,,,,,,,,,,,0,0,0,0,0,0,0,0,0,,,,,,,0,N,,N,N,,,,,,,,,,,,,,,0,0,0,0,0,0,,,,,,,0,,0,0,46:22.0,10:51.7,,NULL,NULL
DR,2.12643E+17,2,UAAA,UAT1,SCB,S1A365316,UAT1,SCB,5.57755E+15,111,1,N,31,110,0,1,5,2.12643E+17,2.12643E+17,2.12643E+17,260416,124623,96,260416,0,0,0,0,0,0,1966,22,0,14,,,,,,,,,,34,11,64,4180156026,0,2.0503E+17,0,0,0,0,0,123,5,T,T,56,NCR S6622E XP,0,บ ป,ญ,H,0,0,0,,0,764,,0,0,,,,0,0,0,0,,0,0,0,P,1,0,0,0,0,0,0,,,,,0,0,0,0,0,0,0,0,00000444444  N0,,,,,,,,0,7.04019E+14,704,193,431,0,5011,0,5577550116022084=2705000000000000001600,0,0,16,0,T5,1,23N,N,,,,,,,,,,,,,0,0,0,0,0,0,0,0,0,,,,,,,0,N,,N,Y,,,,,,,,,,,,,,,0,0,0,0,0,0,,,,,,,0,,0,0,46:23.0,10:51.7,,NULL,NULL
DR,2.12643E+17,2,UAAA,UAT1,SCB,S1A365316,UAT1,SCB,5.57755E+15,111,1,N,31,210,0,1,3,2.12643E+17,0,0,260416,124814,1,260416,0,0,0,0,0,0,1967,22,0,9E+21,,,,,,,,,,31,0,41,0,0,0,0,0,0,0,0,0,5,F,F,1,NCR S6622E XP,SCB,บ ป,ญ,H,0,0,0,0,0,764,0,0,34723282.96,0,0,0,0,0,0,0,3.47233E+18,0,0,0,0,0,0,0,0,0,0,0,,,,,0,0,0,0,0,0,0,0,0,,,,,,,,0,7.04019E+14,704,193,431,0,0,0,5577550116022084=2705              1600,,,16,0,F5,0,00N,N,,,,,,,,,,,,,0,0,0,0,0,0,0,0,0,,,,,,,0,N,,N,N,,,,,,,,,,,,,,,0,0,0,0,0,0,,,,,,,0,,0,0,48:14.0,10:51.7,,NULL,NULL
DR,2.12643E+17,2,UAAA,UAT1,SCB,S1A365316,UAT1,SCB,5.57755E+15,111,1,N,31,110,0,1,5,2.12643E+17,2.12643E+17,2.12643E+17,260416,124815,65,260416,0,0,0,0,0,0,1968,22,0,14,,,,,,,,,,34,11,64,4180156026,0,2.0503E+17,0,0,0,0,0,125,5,T,T,56,NCR S6622E XP,0,บ ป,ญ,H,0,0,0,,0,764,,0,0,,,,0,0,0,0,,0,0,0,P,1,0,0,0,0,0,0,,,,,0,0,0,0,0,0,0,0,00000444444  N0,,,,,,,,0,7.04019E+14,704,193,431,0,5011,0,5577550116022084=2705000000000000001600,0,0,16,0,T5,1,25N,N,,,,,,,,,,,,,0,0,0,0,0,0,0,0,0,,,,,,,0,N,,N,Y,,,,,,,,,,,,,,,0,0,0,0,0,0,,,,,,,0,,0,0,48:15.0,10:51.7,,NULL,NULL
DR,2.12643E+17,2,UAAA,UAT1,SCB,S1A365316,UAT1,SCB,5.57755E+15,111,1,N,31,210,0,1,3,2.12643E+17,0,0,260416,124836,89,260416,0,0,0,0,0,0,1969,22,0,9E+21,,,,,,,,,,31,0,41,0,0,0,0,0,0,0,0,0,5,F,F,1,NCR S6622E XP,SCB,บ ป,ญ,H,0,0,0,0,0,764,0,0,34723282.96,0,0,0,0,0,0,0,3.47233E+18,0,0,0,0,0,0,0,0,0,0,0,,,,,0,0,0,0,0,0,0,0,0,,,,,,,,0,7.04019E+14,704,193,431,0,0,0,5577550116022084=2705              1600,,,16,0,F5,0,00N,N,,,,,,,,,,,,,0,0,0,0,0,0,0,0,0,,,,,,,0,N,,N,N,,,,,,,,,,,,,,,0,0,0,0,0,0,,,,,,,0,,0,0,48:36.0,10:51.7,,NULL,NULL
DR,2.12643E+17,2,UAAA,UAT1,SCB,S1A365316,UAT1,SCB,5.57755E+15,111,1,N,31,110,0,1,5,2.12643E+17,2.12643E+17,2.12643E+17,260416,124838,53,260416,0,0,0,0,0,0,1970,22,0,14,,,,,,,,,,34,11,64,4180156026,0,2.0503E+17,0,0,0,0,0,127,5,T,T,56,NCR S6622E XP,0,บ ป,ญ,H,0,0,0,,0,764,,0,0,,,,0,0,0,0,,0,0,0,P,1,0,0,0,0,0,0,,,,,0,0,0,0,0,0,0,0,00000444444  N0,,,,,,,,0,7.04019E+14,704,193,431,0,5011,0,5577550116022084=2705000000000000001600,0,0,16,0,T5,1,27N,N,,,,,,,,,,,,,0,0,0,0,0,0,0,0,0,,,,,,,0,N,,N,Y,,,,,,,,,,,,,,,0,0,0,0,0,0,,,,,,,0,,0,0,48:38.0,10:51.7,,NULL,NULL
DR,2.12643E+17,2,UAAA,UAT1,SCB,S1A365316,UAT1,SCB,5.57755E+15,111,1,N,31,210,0,1,5,2.12643E+17,2.12643E+17,2.12643E+17,260416,124845,57,260416,0,0,0,0,0,0,1971,22,0,9E+21,,,,,,,,,,30,11,0,4180156026,0,0,0,0,10137210.55,10137210.55,0,128,5,T,T,0,NCR S6622E XP,0,บ ป,ญ,H,0,0,0,,0,764,0,0,34723282.96,0,0,0,0,0,0,0,3.47233E+18,0,0,0,P,0,0,0,0,0,0,0,,,,,0,0,0,0,0,0,0,0,0,,,,,,,,0,7.04019E+14,704,193,431,0,5011,,5577550116022084=2705000000000000001600,0,0,16,0,T5,1,28N,N,,,,,,,,,,,,,0,0,0,0,0,0,0,0,0,,,,,,,0,N,,N,Y,,,,,,,,,,,,,,,0,0,0,0,0,0,,,,,,,0,,0,0,48:45.0,10:51.7,1,NULL,NULL
DR,2.12643E+17,2,UAAA,UAT1,SCB,S1A365316,UAT1,SCB,5.57755E+15,111,1,N,31,110,0,1,5,2.12643E+17,2.12643E+17,2.12643E+17,260416,124856,59,260416,0,0,0,0,0,0,1972,22,0,9E+21,,,,,,,,,,39,0,42,4180156026,0,0,0,0,0,0,0,129,5,T,T,0,NCR S6622E XP,0,บ ป,ญ,H,0,0,0,0,0,764,0,0.0001,0,0,0,1000000,0,1,0,0,,0,0,A,P,0,0,0,0,0,0,0,,,,,000000000000  00,0,0,,,0,0,0,00000000000000000000N0,,,,,,,,0,7.04019E+14,704,193,431,0,0,0,5577550116022084=2705000000000000001600,0,0,16,0,T5,1,29N,N,,,,,,,,,,,,,0,0,0,0,0,0,0,0,0,,,,,,,0,N,,N,Y,,,,,,,,,,,,,,,0,0,0,0,0,0,,,,,,,0,,0,0,48:56.0,10:51.7,,NULL,NULL
DR,2.12643E+17,2,UAAA,UAT1,SCB,S1A365316,UAT1,SCB,5.57755E+15,111,1,N,31,110,0,1,5,2.12643E+17,2.12643E+17,2.12643E+17,260416,124908,8,260416,0,0,0,0,0,0,1973,22,0,9E+21,,,,,,,,,,39,11,0,4180156026,0,1112067677,0,111.11,0,0,0,130,5,T,T,56,NCR S6622E XP,0,บ ป,ญ,H,0,0,0,0,0,764,141,400.0001,0,14,14,1000000,0,1,0,0,,0,0,0,P,0,0,0,0,0,0,0,,,,,0,0,0,0,0,0,0,0,00000000000000000000N0,,,,,,,,0,7.04019E+14,704,193,431,0,5011,0,5577550116022084=2705000000000000001600,0,0,16,0,T5,1,30N,N,,,,,,,,,,,,,0,0,0,0,0,0,0,0,0,,,,,,,0,N,,N,Y,,,,,,,,,,,,,,,0,0,0,0,0,0,,,,,,,0,,0,0,49:08.0,10:51.7,,NULL,NULL
DR,2.12643E+17,2,UAAA,UAT1,SCB,S1A365316,UAT1,SCB,5.57755E+15,111,1,N,31,110,0,1,5,2.12643E+17,2.12643E+17,2.12643E+17,260416,124927,89,260416,0,0,0,0,0,0,1974,22,0,9E+21,,,,,,,,,,39,11,0,4180156026,0,163045436,0,11.11,0,0,0,131,5,T,T,56,NCR S6622E XP,0,บ ป,ญ,H,0,0,0,0,0,764,141,400.0001,0,14,14,1000000,0,1,0,0,,0,0,0,P,0,0,0,0,0,0,0,,,,,0,0,0,0,0,0,0,0,00000000000000000000N0,,,,,,,,0,7.04019E+14,704,193,431,0,5011,0,5577550116022084=2705000000000000001600,0,0,16,0,T5,1,31N,N,,,,,,,,,,,,,0,0,0,0,0,0,0,0,0,,,,,,,0,N,,N,Y,,,,,,,,,,,,,,,0,0,0,0,0,0,,,,,,,0,,0,0,49:27.0,10:51.7,,NULL,NULL
DR,2.12643E+17,2,UAAA,UAT1,SCB,S1A365316,UAT1,SCB,5.57755E+15,111,1,N,31,110,0,1,5,2.12643E+17,2.12643E+17,2.12643E+17,260416,124951,71,260416,0,0,0,0,0,0,1975,22,0,9E+21,,,,,,,,,,39,1,1,4681387578,0,163045436,0,111.11,0,0,830032704,132,5,T,T,0,NCR S6622E XP,00000000000000TESTFISU,AT       บ ป,ญ,H,0,0,0,0,0,764,141,0,0,14,14,00000 000000,0,0,0,0,TESTFISUAT,0,0,0,P,0,0,0,0,0,0,0,,,,,0,0,0,0,0,0,0,0,00000000000000000000N0,,,,,,,,0,7.04019E+14,704,193,431,0,5011,5125,5577550116022084=2705000000000000001600,0,0,16,0,T5,1,32N,N,,,,,,,,,,,,,0,0,0,0,0,0,0,0,0,,,,,,,0,N,,N,Y,,,,,,,,,,,,,,,0,0,0,0,0,0,,,,,,,0,,0,0,49:51.0,10:51.7,,NULL,NULL
DR,2.12643E+17,1,UAAA,UAT1,SCB,S1A365316,UAT1,SCB,5.57755E+15,111,1,N,31,210,0,1,5,2.12643E+17,2.12643E+17,2.12643E+17,260416,124951,71,260416,0,0,0,0,0,0,1976,22,0,9E+21,,,,,,,,,,49,1,1,4681387578,0,163045436,0,111.11,13492.28,13492.28,830065408,133,5,T,T,0,NCR S6622E XP,00000000000000บัญชีทดส,อบเอฟไอเอบ ป,ญ,H,0,0,0,0,0,764,141,0,0,14,14,00000 000000,0,0,0,0,บัญชีทดสอบเอฟไอเอ,0,0,0,P,0,0,0,0,0,0,0,,,,,10000000,0,10,0,0,0,0,0,00000000000000000000N0,,,,,,,,0,7.04019E+14,704,193,431,0,5011,5125,5577550116022084=2705000000000000001600,0,0,16,0,T5,1,33N,N,,,,,,,,,,,,,0,0,0,0,0,0,0,0,0,,,,,,,0,N,,N,Y,,,,,,,,,,,,,,,0,0,0,0,0,0,,,,,,,0,,0,0,49:51.0,10:51.7,,NULL,NULL
DR,2.12643E+17,2,UAAA,UAT1,SCB,S1A365316,UAT1,SCB,5.57755E+15,111,1,N,31,210,0,1,5,2.12643E+17,2.12643E+17,2.12643E+17,260416,125017,61,260416,0,0,0,0,0,0,1977,22,0,9E+21,,,,,,,,,,38,11,0,4180156026,0,,0,12.99,0,0,0,134,5,T,T,81,NCR S6622E XP,0,บ ป,ญ,0,0,0,0,0,0,764,140,0,0,14,0,0,0,0,0,0,,0,0,0,P,0,0,0,0,0,0,0,,,,,10,0,0,0,0,1,1,0,0,,,,,,,,0,7.04019E+14,704,193,431,48,5011,0,5577550116022084=2705000000000000001600,0,0,16,0,T5,1,34N,N,0,1.05533E+13,,BILLERID,14,14,0,0,,,,,0,0,0,0,0,0,0,0,0,,,,,Q,,0,N,0,N,Y,,,,,,,,,,,,,,,0,0,0,0,0,0,,,,,,,0,,0,0,50:17.0,10:51.7,,NULL,NULL
DR,2.12643E+17,2,UAAA,UAT1,SCB,S1A365316,UAT1,SCB,5.57756E+15,111,1,N,31,210,0,1,3,2.12643E+17,0,0,260416,125504,47,260416,0,0,0,0,0,0,1978,22,0,9E+21,,,,,,,,,,31,0,41,0,0,0,0,0,0,0,0,0,5,F,F,1,NCR S6622E XP,SCB,บ ป,ญ,H,0,0,0,0,0,764,0,0,34723282.96,0,0,0,0,0,0,0,3.47233E+18,0,0,0,0,0,0,0,0,0,0,0,,,,,0,0,0,0,0,0,0,0,0,,,,,,,,0,7.04019E+14,704,193,431,0,0,0,5577557413671331=3008              8400,,,84,0,F5,0,00N,N,,,,,,,,,,,,,0,0,0,0,0,0,0,0,0,,,,,,,0,N,,N,N,,,,,,,,,,,,,,,0,0,0,0,0,0,,,,,,,0,,0,0,55:04.0,10:51.7,,NULL,NULL
DR,2.12643E+17,2,UAAA,UAT1,SCB,S1A365316,UAT1,SCB,5.57756E+15,111,1,N,31,210,0,1,5,2.12643E+17,2.12643E+17,2.12643E+17,260416,125507,69,260416,0,0,0,0,0,0,1979,22,0,9E+21,,,,,,,,,,30,11,0,4270227478,0,0,0,0,10160055.94,10160055.94,0,451,5,T,T,0,NCR S6622E XP,0,บ ป,ญ,H,0,0,0,,0,764,0,0,34723282.96,0,0,0,0,0,0,0,3.47233E+18,0,0,0,P,0,0,0,0,0,0,0,,,,,0,0,0,0,0,0,0,0,0,,,,,,,,0,7.04019E+14,704,193,431,0,111,,5577557413671331=3008000000000000008400,0,0,84,0,T5,4,51N,N,,,,,,,,,,,,,0,0,0,0,0,0,0,0,0,,,,,,,0,N,,N,Y,,,,,,,,,,,,,,,0,0,0,0,0,0,,,,,,,0,,0,0,55:07.0,10:51.7,1,NULL,NULL
ER,2.12643E+17,2,UAAA,UAT1,SCB,S1A365316,UAT1,SCB,5.57756E+15,111,1,N,31,210,0,1,5,2.12643E+17,2.12643E+17,2.12643E+17,260416,125519,30,260416,0,0,0,0,0,0,1980,22,0,9E+21,,,,,,,,,,38,11,1,4270227478,0,1113006959,0,12.99,10160055.94,10160055.94,111000000,452,5,T,T,0,NCR S6622E XP,00000000000000CPAC ROO,F TILE   บ ป,ญ,0,762.88,762.88,9762.88,7.62888E+15,0,764,,0,0,,,0,0,0,0,0,CPAC ROOF TILE,0,0,0,P,0,0,0,0,0,0,0,,,,,10,0,0,0,0,1,1,0,0,,,,,,,,0,7.04019E+14,704,193,431,48,111,111,5577557413671331=3008000000000000008400,0,0,84,0,T5,4,52N,N,0,1.05533E+13,,BILLERID,14,14,14,0,CPAC ROOF TILE,CPAC ROOF TILE,,1055331429,0,0,0,0,0,0,0,0,0,,,,,Q,,0,N,N,N,Y,,,,,,,,,,,,,,,0,0,0,0,0,0,,,,,,,0,,0,0,55:19.0,10:51.7,,NULL,NULL
DR,2.12643E+17,1,UAAA,UAT1,SCB,S1A365316,UAT1,SCB,5.57756E+15,111,1,N,31,210,0,1,5,2.12643E+17,2.12643E+17,2.12643E+17,260416,125531,13,260416,0,0,0,0,0,0,1980,22,0,9E+21,,,,,,,,,123,55,11,1,4270227478,0,1113006959,0,12.99,10160042.95,10160042.95,111000000,453,5,T,T,0,NCR S6622E XP,00000000000000CPAC ROO,F TILE   บ ป,ญ,0,0,0,0,,0,764,,0,0,,,0,0,0,0,0,CPAC ROOF TILE,0,0,0,P,0,0,0,0,0,0,0,,,,,10,0,0,0,0,1,1,0,0,,,,,,,456,0,7.04019E+14,704,193,431,48,111,111,5577557413671331=3008000000000000008400,0,0,84,0,T5,4,53N,N,2,1.05533E+13,,BILLERID,14,14,14,0,CPAC ROOF TILE,CPAC ROOF TILE,,1055331429,0,0,0,0,0,0,0,0,0,,,,,Q,,0,N,N,N,Y,,,,,,,,,,,,,,,0,0,0,0,0,0,,,,,,,0,,0,0,55:31.0,10:51.7,,NULL,NULL
DR,2.12643E+17,2,UAAA,UAT1,SCB,S1A365316,UAT1,SCB,5.57756E+15,111,1,N,31,110,0,1,5,2.12643E+17,2.12643E+17,2.12643E+17,260416,125550,0,260416,0,0,0,0,0,0,1981,22,0,9E+21,,,,,,,,,,39,11,1,4270227478,0,163045436,0,111.11,0,0,830032704,454,5,T,T,0,NCR S6622E XP,00000000000000TESTFISU,AT       บ ป,ญ,H,0,0,0,0,0,764,141,0,0,14,14,00000 000000,0,0,0,0,TESTFISUAT,0,0,0,P,0,0,0,0,0,0,0,,,,,0,0,0,0,0,0,0,0,00000000000000000000N0,,,,,,,,0,7.04019E+14,704,193,431,0,111,5125,5577557413671331=3008000000000000008400,0,0,84,0,T5,4,54N,N,,,,,,,,,,,,,0,0,0,0,0,0,0,0,0,,,,,,,0,N,,N,Y,,,,,,,,,,,,,,,0,0,0,0,0,0,,,,,,,0,,0,0,55:50.0,10:51.7,,NULL,NULL
DR,2.12643E+17,1,UAAA,UAT1,SCB,S1A365316,UAT1,SCB,5.57756E+15,111,1,N,31,210,0,1,5,2.12643E+17,2.12643E+17,2.12643E+17,260416,125550,0,260416,0,0,0,0,0,0,1982,22,0,9E+21,,,,,,,,,,49,11,1,4270227478,0,163045436,0,111.11,10159931.84,10159931.84,830065408,455,5,T,T,0,NCR S6622E XP,00000000000000บัญชีทดส,อบเอฟไอเอบ ป,ญ,H,0,0,0,0,0,764,141,0,0,14,14,00000 000000,0,0,0,0,บัญชีทดสอบเอฟไอเอ,0,0,0,P,0,0,0,0,0,0,0,,,,,10000000,0,10,0,0,0,0,0,00000000000000000000N0,,,,,,,,0,7.04019E+14,704,193,431,0,111,5125,5577557413671331=3008000000000000008400,0,0,84,0,T5,4,55N,N,,,,,,,,,,,,,0,0,0,0,0,0,0,0,0,,,,,,,0,N,,N,Y,,,,,,,,,,,,,,,0,0,0,0,0,0,,,,,,,0,,0,0,55:50.0,10:51.7,,NULL,NULL
DR,2.12643E+17,1,UAAA,UAT1,SCB,S1A365316,UAT1,SCB,5.57756E+15,111,1,N,31,210,0,1,5,2.12643E+17,2.12643E+17,2.12643E+17,260416,125611,25,260416,0,0,0,0,0,0,1983,22,0,9E+21,,,,,,,,,,10,11,0,4270227478,0,0,2,2000,10157931.84,10157931.84,0,456,5,T,T,0,NCR S6622E XP,0,บ ป,ญ,H,0,0,0,,0,764,0,0,34723282.96,0,0,0,0,0,0,0,3.47233E+18,0,0,0,P,0,0,0,0,0,0,0,,,,,0,0,0,0,0,0,0,0,0,,,,,,,,0,7.04019E+14,704,193,431,0,111,,5577557413671331=3008000000000000008400,0,0,84,0,T5,4,56N,N,,,,,,,,,,,,,0,0,0,0,0,0,0,0,0,,,,,,,0,N,,N,Y,,,,,,,,,,,,,,,0,0,0,0,0,0,,,,,,,0,,0,0,56:11.0,10:51.7,1,NULL,NULL
DR,2.12643E+17,2,UGAA,UAT1,SCB,S1G365310,UAT1,SCB,5.57755E+15,111,1,N,31,210,0,1,3,2.12643E+17,0,0,260416,125700,8,260416,0,0,0,0,0,0,875,22,0,9E+21,,,,,,,,,,31,0,41,0,0,0,0,0,0,0,0,0,5,F,F,1,NCR S6622E XP'S(ATM)@,SCB,8:00,v,H,0,0,0,0,0,764,0,0,34723282.96,0,0,0,0,0,0,0,3.47233E+18,0,0,0,0,0,0,0,0,0,0,0,,,,,0,0,0,0,0,0,0,0,0,,,,,,,,0,5.60058E+13,56,58,118,0,0,0,5577550116023108=3008              1600,,,16,0,F5,0,00N,N,,,,,,,,,,,,,0,0,0,0,0,0,0,0,0,,,,,,,0,N,,N,N,,,,,,,,,,,,,,,0,0,0,0,0,0,,,,,,,0,,0,0,57:00.0,10:51.6,,NULL,NULL
DR,2.12643E+17,2,UGAA,UAT1,SCB,S1G365310,UAT1,SCB,5.57755E+15,111,1,N,31,210,0,1,5,2.12643E+17,2.12643E+17,2.12643E+17,260416,125705,11,260416,0,0,0,0,0,0,876,22,0,9E+21,,,,,,,,,,30,11,0,5492111116,0,0,0,0,463816.75,463816.75,0,2753,5,T,T,0,NCR S6622E XP'S(ATM)@,0,8:00,v,H,0,0,0,,0,764,0,0,34723282.96,0,0,0,0,0,0,0,3.47233E+18,0,0,0,P,0,0,0,0,0,0,0,,,,,1000,0,0,1,0,0,0,0,0,,,,,,,,0,5.60058E+13,56,58,118,0,549,,5577550116023108=3008000000000000001600,0,0,16,0,T5,27,53N,N,,,,,,,,,,,,,0,0,0,0,0,0,0,0,0,,,,,,,0,N,,N,Y,,,,,,,,,,,,,,,0,0,0,0,0,0,,,,,,,0,,0,0,57:05.0,10:51.6,1,NULL,NULL
ER,2.12643E+17,2,UGAA,UAT1,SCB,S1G365310,UAT1,SCB,5.57755E+15,111,1,N,31,210,0,1,5,2.12643E+17,2.12643E+17,2.12643E+17,260416,125717,97,260416,0,0,0,0,0,0,877,22,0,9E+21,,,,,,,,,,38,11,1,5492111116,0,1110300695,0,12.99,463816.75,463816.75,111000000,2754,5,T,T,0,NCR S6622E XP'S(ATM)@,00000000000000CPAC ROO,F TILE    8 :,v,0,762.88,762.88,9762.88,7.62888E+15,0,764,,0,0,,,0,0,0,0,0,CPAC ROOF TILE,0,0,0,P,0,0,0,0,0,0,0,,,,,10,0,0,0,0,1,1,0,0,,,,,,,,0,5.60058E+13,56,58,118,48,549,111,5577550116023108=3008000000000000001600,0,0,16,0,T5,27,54N,N,0,1.05533E+13,,BILLERID,14,14,14,0,CPAC ROOF TILE,CPAC ROOF TILE,,1055331429,0,0,0,0,0,0,0,0,0,,,,,Q,,0,N,N,N,Y,,,,,,,,,,,,,,,0,0,0,0,0,0,,,,,,,0,,0,0,57:17.0,10:51.6,,NULL,NULL
DR,2.12643E+17,1,UGAA,UAT1,SCB,S1G365310,UAT1,SCB,5.57755E+15,111,1,N,31,210,0,1,5,2.12643E+17,2.12643E+17,2.12643E+17,260416,125727,79,260416,0,0,0,0,0,0,877,22,0,9E+21,,,,,,,,,123,55,11,1,5492111116,0,1110300695,0,12.99,463803.76,463803.76,111000000,2755,5,T,T,0,NCR S6622E XP'S(ATM)@,00000000000000CPAC ROO,F TILE    8 :,v,0,0,0,0,,0,764,,0,0,,,0,0,0,0,0,CPAC ROOF TILE,0,0,0,P,0,0,0,0,0,0,0,,,,,10,0,0,0,0,1,1,0,0,,,,,,,456,0,5.60058E+13,56,58,118,48,549,111,5577550116023108=3008000000000000001600,0,0,16,0,T5,27,55N,N,2,1.05533E+13,,BILLERID,14,14,14,0,CPAC ROOF TILE,CPAC ROOF TILE,,1055331429,0,0,0,0,0,0,0,0,0,,,,,Q,,0,N,N,N,Y,,,,,,,,,,,,,,,0,0,0,0,0,0,,,,,,,0,,0,0,57:27.0,10:51.6,,NULL,NULL
DR,2.12643E+17,2,UGAA,UAT1,SCB,S1G365310,UAT1,SCB,5.57755E+15,111,1,N,31,110,0,1,5,2.12643E+17,2.12643E+17,2.12643E+17,260416,125746,55,260416,0,0,0,0,0,0,878,22,0,9E+21,,,,,,,,,,39,11,1,5492111116,0,163045436,0,222.22,0,0,830032704,2756,5,T,T,0,NCR S6622E XP'S(ATM)@,00000000000000TESTFISU,AT        8 :,v,H,0,0,0,0,0,764,141,0,0,14,14,00000 000000,0,0,0,0,TESTFISUAT,0,0,0,P,0,0,0,0,0,0,0,,,,,1000,0,0,1,0,0,0,0,00000000000000000000N0,,,,,,,,0,5.60058E+13,56,58,118,0,549,5125,5577550116023108=3008000000000000001600,0,0,16,0,T5,27,56N,N,,,,,,,,,,,,,0,0,0,0,0,0,0,0,0,,,,,,,0,N,,N,Y,,,,,,,,,,,,,,,0,0,0,0,0,0,,,,,,,0,,0,0,57:46.0,10:51.6,,NULL,NULL
DR,2.12643E+17,1,UGAA,UAT1,SCB,S1G365310,UAT1,SCB,5.57755E+15,111,1,N,31,210,0,1,5,2.12643E+17,2.12643E+17,2.12643E+17,260416,125746,55,260416,0,0,0,0,0,0,879,22,0,9E+21,,,,,,,,,,49,11,1,5492111116,0,163045436,0,222.22,463581.54,463581.54,830065408,2757,5,T,T,0,NCR S6622E XP'S(ATM)@,00000000000000บัญชีทดส,อบเอฟไอเอ 8 :,v,H,0,0,0,0,0,764,141,0,0,14,14,00000 000000,0,0,0,0,บัญชีทดสอบเอฟไอเอ,0,0,0,P,0,0,0,0,0,0,0,,,,,10001000,0,10,1,0,0,0,0,00000000000000000000N0,,,,,,,,0,5.60058E+13,56,58,118,0,549,5125,5577550116023108=3008000000000000001600,0,0,16,0,T5,27,57N,N,,,,,,,,,,,,,0,0,0,0,0,0,0,0,0,,,,,,,0,N,,N,Y,,,,,,,,,,,,,,,0,0,0,0,0,0,,,,,,,0,,0,0,57:46.0,10:51.6,,NULL,NULL
DR,2.12643E+17,1,UGAA,UAT1,SCB,S1G365310,UAT1,SCB,5.57755E+15,111,1,N,31,210,0,1,5,2.12643E+17,2.12643E+17,2.12643E+17,260416,125810,26,260416,0,0,0,0,0,0,880,22,0,9E+21,,,,,,,,,,10,11,0,5492111116,0,0,2,2000,461566.54,461566.54,0,2758,5,T,T,0,NCR S6622E XP'S(ATM)@,0,8:00,v,H,0,0,0,,0,764,0,0,34723282.96,0,0,0,0,0,0,0,3.47233E+18,0,0,0,P,0,0,0,0,0,0,0,,,,,1.5E+13,15,0,1,1,0,0,0,0,,,,,,,,0,5.60058E+13,56,58,118,0,549,,5577550116023108=3008000000000000001600,0,0,16,0,T5,27,58N,N,,,,,,,,,,,,,0,0,0,0,0,0,0,0,0,,,,,,,0,N,,N,Y,,,,,,,,,,,,,,,0,0,0,0,0,0,,,,,,,0,,0,0,58:10.0,10:51.6,1,NULL,NULL
DR,2.12643E+17,2,UGAA,UAT1,SCB,B100000B014B0019,UAT1,SCB,1010000071,111,0,N,31,110,11,5,6,2.12643E+17,0,0,260416,130315,0,260416,0,0,0,0,0,260416,17,50,0,1.40013E+20,,,,,,,,,,39,0,0,,0,1010000071,0,500,0,0,0,0,0,0,0,72,????????????,ORFT-COUNTER SCB,0,0,0,14,22,14,1.40002E+14,0,764,140,0,0,14,2,,0,0,0,0,CB      000000000,0,0,A,P,0,0,0,0,0,0,0,,,,,5E+13,50,0,0,0,0,0,0,00000000000000000000N0,,,,,,,,0,0,0,0,0,0,0,0,5895999999999990=1299ORFT-COUNTER S8507,ORFT-COU,NTER S,85,7,0,0,00N,N,,,,,,,,,,,,,0,0,0,0,0,0,0,0,0,,,,,,,0,N,,N,N,,,,,,,,,,,,,,,0,0,0,0,0,0,,,,,,,0,,0,0,03:15.0,10:51.6,,NULL,NULL
DR,2.12643E+17,2,UGAA,UAT1,SCB,B100004B014B0050,UAT1,SCB,1010000071,222,0,N,31,110,11,5,6,2.12643E+17,0,0,260416,130328,0,260416,0,0,0,0,0,260416,1,50,0,1.40013E+20,,,,,,,,,,39,0,0,,0,1010000071,0,10000,0,0,0,0,0,0,0,72,????????????????????????,ORFT-COUNTER SCB,0,0,0,14,22,14,1.40002E+14,0,764,140,0,0,14,2,,0,0,0,0,CB      000000000,0,0,A,P,0,0,0,0,0,0,0,,,,,5E+13,50,0,0,0,0,0,0,00000000000000000000N0,,,,,,,,0,0,0,0,0,0,0,0,5895999999999990=1299ORFT-COUNTER S8507,ORFT-COU,NTER S,85,7,0,0,00N,N,,,,,,,,,,,,,0,0,0,0,0,0,0,0,0,,,,,,,0,N,,N,N,,,,,,,,,,,,,,,0,0,0,0,0,0,,,,,,,0,,0,0,03:28.0,10:51.6,,NULL,NULL
DR,2.12643E+17,2,UGAA,UAT1,SCB,B100000B014B0019,UAT1,SCB,1010000071,111,0,N,31,110,11,5,6,2.12643E+17,0,0,260416,130410,0,260416,0,0,0,0,0,260416,18,50,0,1.40013E+20,,,,,,,,,,39,0,0,,0,1010000071,0,500,0,0,0,0,0,0,0,72,????????????,ORFT-COUNTER SCB,0,0,0,14,22,14,1.40002E+14,0,764,140,0,0,14,2,,0,0,0,0,CB      000000000,0,0,A,P,0,0,0,0,0,0,0,,,,,5E+13,50,0,0,0,0,0,0,00000000000000000000N0,,,,,,,,0,0,0,0,0,0,0,0,5895999999999990=1299ORFT-COUNTER S8507,ORFT-COU,NTER S,85,7,0,0,00N,N,,,,,,,,,,,,,0,0,0,0,0,0,0,0,0,,,,,,,0,N,,N,N,,,,,,,,,,,,,,,0,0,0,0,0,0,,,,,,,0,,0,0,04:10.0,10:51.6,,NULL,NULL
DR,2.12643E+17,2,UGAA,UAT1,SCB,B100000B014B0019,UAT1,SCB,1010000071,111,0,N,31,110,11,5,6,2.12643E+17,0,0,260416,130410,0,260416,0,0,0,0,0,260416,19,50,0,1.40013E+20,,,,,,,,,,39,0,0,,0,1010000071,0,500,0,0,0,0,0,0,0,72,????????????,ORFT-COUNTER SCB,0,0,0,14,22,14,1.40002E+14,0,764,140,0,0,14,2,,0,0,0,0,CB      000000000,0,0,A,P,0,0,0,0,0,0,0,,,,,5E+13,50,0,0,0,0,0,0,00000000000000000000N0,,,,,,,,0,0,0,0,0,0,0,0,5895999999999990=1299ORFT-COUNTER S8507,ORFT-COU,NTER S,85,7,0,0,00N,N,,,,,,,,,,,,,0,0,0,0,0,0,0,0,0,,,,,,,0,N,,N,N,,,,,,,,,,,,,,,0,0,0,0,0,0,,,,,,,0,,0,0,04:10.0,10:51.6,,NULL,NULL
DR,2.12643E+17,2,UGAA,UAT1,SCB,B100000B014B0019,UAT1,SCB,1013024433,111,0,N,31,110,11,5,6,2.12643E+17,0,0,260416,130533,0,260416,0,0,0,0,0,260416,20,50,0,1.40013E+20,,,,,,,,,,39,0,0,,0,1013024433,0,1000,0,0,0,0,0,0,0,72,????????????,ORFT-COUNTER SCB,0,0,0,14,22,14,1.40002E+14,0,764,140,0,0,14,2,,0,0,0,0,CB      000000000,0,0,A,P,0,0,0,0,0,0,0,,,,,5E+13,50,0,0,0,0,0,0,00000000000000000000N0,,,,,,,,0,0,0,0,0,0,0,0,5895999999999990=1299ORFT-COUNTER S8507,ORFT-COU,NTER S,85,7,0,0,00N,N,,,,,,,,,,,,,0,0,0,0,0,0,0,0,0,,,,,,,0,N,,N,N,,,,,,,,,,,,,,,0,0,0,0,0,0,,,,,,,0,,0,0,05:33.0,10:51.6,,NULL,NULL
DR,2.12643E+17,2,UGAA,UAT1,SCB,B100004B014B0050,UAT1,SCB,0,989,0,N,31,110,11,5,6,2.12643E+17,0,0,260416,130842,0,260416,0,0,0,0,0,260416,22,50,0,1.40013E+20,,,,,,,,,,39,0,0,,0,0,0,10000,0,0,0,0,0,0,0,72,??????????????????????,ORFT-COUNTER SCB,0,0,0,14,22,14,1.40002E+14,0,764,140,0,0,14,2,,0,0,0,0,CB      000000000,0,0,A,P,0,0,0,0,0,0,0,,,,,5E+13,50,0,0,0,0,0,0,00000000000000000000N0,,,,,,,,0,0,0,0,0,0,0,0,5895999999999990=1299ORFT-COUNTER S8507,ORFT-COU,NTER S,85,7,0,0,00N,N,,,,,,,,,,,,,0,0,0,0,0,0,0,0,0,,,,,,,0,N,,N,N,,,,,,,,,,,,,,,0,0,0,0,0,0,,,,,,,0,,0,0,08:42.0,10:51.6,,NULL,NULL
DR,2.12643E+17,2,UGAA,UAT1,SCB,B100000B014B0019,UAT1,SCB,1013024433,111,0,N,31,110,0,5,7,2.12643E+17,2.12643E+17,2.12643E+17,260416,131617,0,260416,0,0,0,0,0,260416,22,50,0,1.40013E+20,,,,,,,,,,39,0,0,,0,1013024433,0,1000,0,0,0,0,0,0,0,0,????????????,ORFT-COUNTER STEST_P01,70874    0000,0,0,14,0,0,1.4E+14,617040.41,764,140,200.0000414,0,14,2,414001,0,0,414,1,TEST_P0170874,0,0,A,P,719406,0,0,0,0,0,0,,,,,1.4E+13,14,0,0,0,0,0,0,00000000000000000000N0,,,,,,,,0,0,0,0,0,0,0,0,5895999999999990=1299ORFT-COUNTER S8507,ORFT-COU,NTER S,85,7,0,0,00N,N,,,,,,,,,,,,,0,0,0,0,0,0,0,0,0,,,,,,,0,N,,N,N,,,,,,,,,,,,,,,0,0,0,0,0,0,,,,,,,0,,0,0,16:17.0,10:51.6,,NULL,NULL
DR,2.12643E+17,2,UGAA,UAT1,SCB,B100000B014B0019,UAT1,SCB,1013024433,111,0,N,31,110,11,5,6,2.12643E+17,0,0,260416,131617,0,260416,0,0,0,0,0,260416,21,50,0,1.40013E+20,,,,,,,,,,39,0,0,,0,1013024433,0,1000,0,0,0,0,0,0,0,72,????????????,ORFT-COUNTER SCB,0,0,0,14,22,14,1.40002E+14,0,764,140,0,0,14,2,,0,0,0,0,CB      000000000,0,0,A,P,0,0,0,0,0,0,0,,,,,5E+13,50,0,0,0,0,0,0,00000000000000000000N0,,,,,,,,0,0,0,0,0,0,0,0,5895999999999990=1299ORFT-COUNTER S8507,ORFT-COU,NTER S,85,7,0,0,00N,N,,,,,,,,,,,,,0,0,0,0,0,0,0,0,0,,,,,,,0,N,,N,N,,,,,,,,,,,,,,,0,0,0,0,0,0,,,,,,,0,,0,0,16:17.0,10:51.6,,NULL,NULL
DR,2.12643E+17,2,UGAA,UAT1,SCB,B100009B014B2219,UAT1,SCB,1010000071,5013,0,N,31,110,0,5,7,2.12643E+17,2.12643E+17,2.12643E+17,260416,131708,0,260416,0,0,0,0,0,260416,1,50,0,1.40013E+20,,,,,,,,,,39,0,0,,0,1010000071,0,100,0,0,0,0,0,0,0,0,???????????????,ORFT-COUNTER STEST_P00,32111    0000,0,0,14,0,0,1.4E+14,708040.41,764,140,200.0000414,0,14,2,414501,0,0,414,501,TEST_P0032111,0,0,A,P,670647,0,0,0,0,0,0,,,,,1.4E+13,14,0,0,0,0,0,0,00000000000000000000N0,,,,,,,,0,0,0,0,0,0,0,0,5895999999999990=1299ORFT-COUNTER S8507,ORFT-COU,NTER S,85,7,0,0,00N,N,,,,,,,,,,,,,0,0,0,0,0,0,0,0,0,,,,,,,0,N,,N,N,,,,,,,,,,,,,,,0,0,0,0,0,0,,,,,,,0,,0,0,17:08.0,10:51.6,,NULL,NULL
DR,2.12643E+17,1,UGAA,UAT1,SCB,B100000B014B0019,UAT1,SCB,1013024433,111,0,N,31,220,0,5,1,0,0,0,260416,132029,0,260416,0,0,0,0,0,0,23,50,0,1.4E+12,,,,,,,,,,49,0,0,,0,1013024433,0,1000,0,0,0,0,0,0,0,0,????????????,ORFT-COUNTER SCB,0,0,0,14,22,14,1.40002E+14,0,764,140,200.0000414,0,14,2,414001,0,0,414,1,CB      000000000,0,0,A,P,0,0,0,0,0,0,0,,,,,5E+13,50,0,0,0,0,0,0,00000000000000000000N0,,,,,,,,0,0,0,0,0,0,0,0,5895999999999990=1299ORFT-COUNTER S8507,ORFT-COU,NTER S,85,7,0,0,00N,N,,,,,,,,,,,,,0,0,0,0,0,0,0,0,0,,,,,,,0,N,,N,N,,,,,,,,,,,,,,,0,0,0,0,0,0,,,,,,,0,,0,0,20:29.0,10:51.6,,NULL,NULL
DR,2.12643E+17,1,UGAA,UAT1,SCB,B100009B014B2219,UAT1,SCB,1010000071,5013,0,N,31,220,0,5,1,0,0,0,260416,132553,0,260416,0,0,0,0,0,0,2,50,0,1.4E+12,,,,,,,,,,49,0,0,,0,1010000071,0,100,0,0,0,0,0,0,0,0,???????????????,ORFT-COUNTER SCB,0,0,0,14,22,14,1.40002E+14,0,764,140,200.0000414,0,14,2,414501,0,0,414,501,CB      000000000,0,0,A,P,0,0,0,0,0,0,0,,,,,5E+13,50,0,0,0,0,0,0,00000000000000000000N0,,,,,,,,0,0,0,0,0,0,0,0,5895999999999990=1299ORFT-COUNTER S8507,ORFT-COU,NTER S,85,7,0,0,00N,N,,,,,,,,,,,,,0,0,0,0,0,0,0,0,0,,,,,,,0,N,,N,N,,,,,,,,,,,,,,,0,0,0,0,0,0,,,,,,,0,,0,0,25:53.0,10:51.6,,NULL,NULL
DR,2.12643E+17,2,UGAA,UAT1,SCB,S1G36A513,UAT1,SCB,5.57755E+15,501,501,N,31,210,0,1,3,2.12643E+17,0,0,260416,134111,27,260416,0,0,0,0,0,0,56,30,0,9E+21,,,,,,,,,,31,0,41,0,0,0,0,0,0,0,0,0,5,F,F,1,DIEBOLD 510/560 XP,SIAM COMERCIAL,i :,W,sH,0,0,0,0,0,764,0,0,34723282.96,0,0,0,0,0,0,0,3.47233E+18,0,0,0,0,0,0,0,0,0,0,0,,,,,0,0,0,0,0,0,0,0,0,,,,,,,,0,1.05006E+14,105,58,87,115,0,0,5577550116021128=2705              0000,,,0,0,F5,0,00N,N,,,,,,,,,,,,,0,0,0,0,0,0,0,0,0,,,,,,,0,N,,N,N,,,,,,,,,,,,,,,0,0,0,0,0,0,,,,,,,0,,0,0,41:11.0,10:51.6,,NULL,NULL
DR,2.12643E+17,2,UGAA,UAT1,SCB,S1G36A513,UAT1,SCB,5.57755E+15,501,501,N,31,210,0,1,3,2.12643E+17,0,0,260416,134153,41,260416,0,0,0,0,0,0,57,30,0,9E+21,,,,,,,,,,38,11,0,0,0,,0,500,0,0,0,309,5,T,T,53,DIEBOLD 510/560 XP,0,i :,W,sH,0,0,0,0,0,764,0,0,0,0,0,0,0,0,0,0,,0,0,0,0,0,0,0,0,0,0,0,,,,,0,0,0,0,0,0,0,0,0,,,,,,,,0,1.05006E+14,105,58,87,115,0,0,5577550116021128=2705000000000000000000,0,0,0,0,T5,3,09N,N,0,66996161655,,MSISDN,0,0,0,0,,,,,0,0,0,0,0,0,0,0,0,,,,,H,,0,N,,N,N,,,,,,,,,,,,,,,0,0,0,0,0,0,,,,,,,0,,0,0,41:53.0,10:51.6,,NULL,NULL
DR,2.12643E+17,2,UGAA,UAT1,SCB,S1G36A513,UAT1,SCB,5.57755E+15,501,501,N,31,210,0,1,3,2.12643E+17,0,0,260416,134203,16,260416,0,0,0,0,0,0,58,30,0,9E+21,,,,,,,,,,38,11,0,0,0,,0,500,0,0,0,310,5,T,T,53,DIEBOLD 510/560 XP,0,i :,W,sH,0,0,0,0,0,764,0,0,0,0,0,0,0,0,0,0,,0,0,0,0,0,0,0,0,0,0,0,,,,,0,0,0,0,0,0,0,0,0,,,,,,,,0,1.05006E+14,105,58,87,115,0,0,5577550116021128=2705000000000000000000,0,0,0,0,T5,3,10N,N,0,66996161655,,MSISDN,0,0,0,0,,,,,0,0,0,0,0,0,0,0,0,,,,,H,,0,N,,N,N,,,,,,,,,,,,,,,0,0,0,0,0,0,,,,,,,0,,0,0,42:03.0,10:51.6,,NULL,NULL
DR,2.12643E+17,2,UAAA,UAT1,SCB,S1A365316,UAT1,SCB,5.57756E+15,111,1,N,31,210,0,1,3,2.12643E+17,0,0,260416,134210,92,260416,0,0,0,0,0,0,1984,22,0,9E+21,,,,,,,,,,31,0,41,0,0,0,0,0,0,0,0,0,5,F,F,1,NCR S6622E XP,SCB,บ ป,],H,0,0,0,0,0,764,0,0,34723282.96,0,0,0,0,0,0,0,3.47233E+18,0,0,0,0,0,0,0,0,0,0,0,,,,,0,0,0,0,0,0,0,0,0,,,,,,,,0,7.04019E+14,704,193,433,0,0,0,5577557229122883=3208              8701,,,87,1,F5,0,00N,N,,,,,,,,,,,,,0,0,0,0,0,0,0,0,0,,,,,,,0,N,,N,N,,,,,,,,,,,,,,,0,0,0,0,0,0,,,,,,,0,,0,0,42:10.0,10:51.7,,NULL,NULL
DR,2.12643E+17,2,UGAA,UAT1,SCB,S1G36A513,UAT1,SCB,5.57755E+15,501,501,N,31,210,0,1,5,2.12643E+17,2.12643E+17,2.12643E+17,260416,134222,46,260416,0,0,0,0,0,0,59,30,0,9E+21,,,,,,,,,,38,11,0,4180155999,0,,0,500,0,0,0,311,5,T,T,56,DIEBOLD 510/560 XP,0,i :,W,sH,0,0,0,0,0,764,140,0,0,14,0,0,0,0,0,0,,0,0,0,P,0,0,0,0,0,0,0,,,,,0,0,0,0,0,0,0,0,0,,,,,,,,0,1.05006E+14,105,58,87,115,5011,0,5577550116021128=2705000000000000000000,0,0,0,0,T5,3,11N,N,0,66996161655,,MSISDN,14,14,0,0,,0,,,0,0,0,0,0,0,0,0,0,,,0,0,H,,0,N,,N,Y,,,,,,,,,,,,,,,0,0,0,0,0,0,,,,,,,0,,0,0,42:22.0,10:51.6,,NULL,NULL
DR,2.12643E+17,2,UAAA,UAT1,SCB,S1A365316,UAT1,SCB,5.57756E+15,111,1,N,31,210,0,1,5,2.12643E+17,2.12643E+17,2.12643E+17,260416,134254,54,260416,0,0,0,0,0,0,1985,22,0,9E+21,,,,,,,,,,38,1,0,4681281057,0,,0,550,0,0,0,37,5,T,T,56,NCR S6622E XP,0,บ ป,],H,0,0,0,0,0,764,140,0,0,14,0,0,0,0,0,0,,0,0,0,P,0,0,0,0,0,0,0,,,,,0,0,0,0,0,0,0,0,0,,,,,,,,0,7.04019E+14,704,193,433,0,111,0,5577557229122883=3208000000000000008701,0,0,87,1,T5,0,37N,N,0,66996161655,,MSISDN,14,14,0,0,,0,,,0,0,0,0,0,0,0,0,0,,,0,0,H,,0,N,,N,Y,,,,,,,,,,,,,,,0,0,0,0,0,0,,,,,,,0,,0,0,42:54.0,10:51.7,,NULL,NULL
DR,2.12643E+17,2,UAAA,UAT1,SCB,S1A365316,UAT1,SCB,5.57756E+15,111,1,N,31,210,0,1,3,2.12643E+17,0,0,260416,134454,16,260416,0,0,0,0,0,0,1986,22,0,9E+21,,,,,,,,,,31,0,41,0,0,0,0,0,0,0,0,0,5,F,F,1,NCR S6622E XP,SCB,บ ป,],H,0,0,0,0,0,764,0,0,34723282.96,0,0,0,0,0,0,0,3.47233E+18,0,0,0,0,0,0,0,0,0,0,0,,,,,0,0,0,0,0,0,0,0,0,,,,,,,,0,7.04019E+14,704,193,433,0,0,0,5577557510623011=3011              9531,,,95,31,F5,0,00N,N,,,,,,,,,,,,,0,0,0,0,0,0,0,0,0,,,,,,,0,N,,N,N,,,,,,,,,,,,,,,0,0,0,0,0,0,,,,,,,0,,0,0,44:54.0,10:51.7,,NULL,NULL
DR,2.12643E+17,2,UAAA,UAT1,SCB,S1A365316,UAT1,SCB,5.57756E+15,111,1,N,31,210,0,1,5,2.12643E+17,2.12643E+17,2.12643E+17,260416,134512,39,260416,0,0,0,0,0,0,1987,22,0,9E+21,,,,,,,,,,38,11,0,4130120910,0,,0,600,0,0,0,85,5,T,T,56,NCR S6622E XP,0,บ ป,],H,0,0,0,0,0,764,140,0,0,14,0,0,0,0,0,0,,0,0,0,P,0,0,0,0,0,0,0,,,,,0,0,0,0,0,0,0,0,0,,,,,,,,0,7.04019E+14,704,193,433,0,111,0,5577557510623011=3011000000000000009531,0,0,95,31,T5,0,85N,N,0,66996161655,,MSISDN,14,14,0,0,,0,,,0,0,0,0,0,0,0,0,0,,,0,0,H,,0,N,,N,Y,,,,,,,,,,,,,,,0,0,0,0,0,0,,,,,,,0,,0,0,45:12.0,10:51.7,,NULL,NULL
DR,2.12643E+17,2,UAAA,UAT1,SCB,S1A365316,UAT1,SCB,5.57756E+15,111,1,N,31,210,0,1,3,2.12643E+17,0,0,260416,134822,3,260416,0,0,0,0,0,0,1988,22,0,9E+21,,,,,,,,,,31,0,41,0,0,0,0,0,0,0,0,0,5,F,F,1,NCR S6622E XP,SCB,บ ป,],H,0,0,0,0,0,764,0,0,34723282.96,0,0,0,0,0,0,0,3.47233E+18,0,0,0,0,0,0,0,0,0,0,0,,,,,0,0,0,0,0,0,0,0,0,,,,,,,,0,7.04019E+14,704,193,433,0,0,0,5577557229122883=3208              8701,,,87,1,F5,0,00N,N,,,,,,,,,,,,,0,0,0,0,0,0,0,0,0,,,,,,,0,N,,N,N,,,,,,,,,,,,,,,0,0,0,0,0,0,,,,,,,0,,0,0,48:22.0,10:51.7,,NULL,NULL
DR,2.12643E+17,2,UAAA,UAT1,SCB,S1A365316,UAT1,SCB,5.57756E+15,111,1,N,31,210,0,1,5,2.12643E+17,2.12643E+17,2.12643E+17,260416,134833,67,260416,0,0,0,0,0,0,1989,22,0,9E+21,,,,,,,,,,38,11,11,4130120253,0,3612843999,0,100,390322.98,390322.98,361000000,38,5,T,T,0,NCR S6622E XP,00000000000000JUBU@UAT,B361     บ ป,],H,0,0,0,0,0,764,141,400,0,14,14,0,0,0,0,0,JUBU@UATB361,0,0,0,P,0,0,0,0,0,0,0,,,,,0,0,0,0,0,0,0,0,0,,,,,,,,0,7.04019E+14,704,193,433,0,501,361,5577557229122883=3208000000000000008701,0,0,87,1,T5,0,38N,N,0,66996161655,,MSISDN,14,14,14,0,JUBU@UATB361,นาย ลูกค้าสามร้อยเก้าสิบแปด ไอทีเอสคิวเท,,,0,0,0,0,0,0,0,0,0,,,,,H,,0,N,,N,Y,,,,,,,,,,,,,,,0,0,0,0,0,0,,,,,,,0,,0,0,48:33.0,10:51.7,,NULL,NULL
DR,2.12643E+17,2,UGAV,UAT1,SCB,S1GVT6102,UAT1,SCB,5.57756E+15,111,1,R,31,210,0,1,3,2.12643E+17,0,0,260416,135405,91,260416,0,0,0,0,0,0,208,22,0,9E+21,,,,,,,,,,31,0,41,0,0,0,0,0,0,0,0,0,5,F,F,1,NCR S6622 XP,SCB,,,H,0,0,0,0,0,764,0,0,34723282.96,0,0,0,0,0,0,0,3.47233E+18,0,0,0,0,0,0,0,0,0,0,0,,,,,0,0,0,0,0,0,0,0,0,,,,,,,,0,2.10009E+13,21,9,22,0,0,0,5577557300398410=3209              8804,,,88,4,F5,0,00N,N,,,,,,,,,,,,,2.10009E+21,21,9,22,0,0,0,0,0,,,,,,,0,N,,N,N,,,,,,,,,,,,,,,0,0,0,0,0,0,,,,,,,0,,0,0,54:05.0,10:51.6,,NULL,NULL
DR,2.12643E+17,2,UGAV,UAT1,SCB,S1GVT6102,UAT1,SCB,5.57756E+15,111,1,R,31,210,0,1,5,2.12643E+17,2.12643E+17,2.12643E+17,260416,135432,16,260416,0,0,0,0,0,0,209,22,0,9E+21,,,,,,,,,,38,11,11,4340357569,0,3612843999,0,560,7803.6,7803.6,361000000,50,5,T,T,0,NCR S6622 XP,00000000000000JUBU@UAT,B361,,H,0,0,0,0,0,764,141,400,0,14,14,0,0,0,0,0,JUBU@UATB361,0,0,0,P,0,0,0,0,0,0,0,,,,,0,0,0,0,0,0,0,0,0,,,,,,,,0,2.10009E+13,21,9,22,0,111,361,5577557300398410=3209000000000000008804,0,0,88,4,T5,0,50N,N,0,2.02111E+12,,NATID,14,14,14,0,JUBU@UATB361,นาย ลูกค้าสามร้อยเก้าสิบแปด ไอทีเอสคิวเท,,,2.10009E+21,21,9,22,0,0,0,82.24,82.24,,,,,H,,0,N,,N,Y,,,,,,,,,,,,,,,0,0,0,0,0,0,,,,,,,0,,0,0,54:32.0,10:51.6,,NULL,NULL
DR,2.12643E+17,1,UGAV,UAT1,SCB,S1GVT6102,UAT1,SCB,5.57756E+15,111,1,R,31,210,0,1,5,2.12643E+17,2.12643E+17,2.12643E+17,260416,135441,39,260416,0,0,0,0,0,0,209,22,0,9E+21,,,,,,,,,,48,11,11,4340357569,0,3612843999,0,560,7803.6,7803.6,361000000,51,5,T,T,0,NCR S6622 XP,00000000000000JUBU@UAT,B361,,H,0,0,0,0,0,764,141,400,0,14,14,0,0,0,0,0,JUBU@UATB361,0,0,0,P,0,0,0,0,0,0,0,,,,,0,0,0,0,0,0,0,0,0,,,,,,,,0,2.10009E+13,21,9,22,0,111,361,5577557300398410=3209000000000000008804,0,0,88,4,T5,0,51N,N,1,2.02111E+12,,NATID,14,14,14,0,JUBU@UATB361,นาย ลูกค้าสามร้อยเก้าสิบแปด ไอทีเอสคิวเท,,,2.10009E+21,21,9,22,0,0,0,82.24,82.24,,,,,H,,0,N,,N,Y,,,,,,,,,,,,,,,0,0,0,0,0,0,,,,,,,0,,0,0,54:41.0,10:51.6,,NULL,NULL
DR,2.12643E+17,2,UGAV,UAT1,SCB,S1GVT6102,UAT1,SCB,5.57756E+15,111,1,R,31,210,0,1,5,2.12643E+17,2.12643E+17,2.12643E+17,260416,135518,81,260416,0,0,0,0,0,0,210,22,0,9E+21,,,,,,,,,,38,1,11,4681281057,0,3612843999,0,600,3442,3442,361000000,52,5,T,T,0,NCR S6622 XP,00000000000000JUBU@UAT,B361,,H,0,0,0,0,0,764,141,400,0,14,14,0,0,0,0,0,JUBU@UATB361,0,0,0,P,0,0,0,0,0,0,0,,,,,0,0,0,0,0,0,0,0,0,,,,,,,,0,2.10009E+13,21,9,22,0,111,361,5577557300398410=3209000000000000008804,0,0,88,4,T5,0,52N,N,0,2.02111E+12,,NATID,14,14,14,0,JUBU@UATB361,นาย ลูกค้าสามร้อยเก้าสิบแปด ไอทีเอสคิวเท,,,2.10009E+21,21,9,22,0,0,0,82.24,82.24,,,,,H,,0,N,,N,Y,,,,,,,,,,,,,,,0,0,0,0,0,0,,,,,,,0,,0,0,55:18.0,10:51.6,,NULL,NULL
DR,2.12643E+17,1,UGAV,UAT1,SCB,S1GVT6102,UAT1,SCB,5.57756E+15,111,1,R,31,210,0,1,5,2.12643E+17,2.12643E+17,2.12643E+17,260416,135529,43,260416,0,0,0,0,0,0,210,22,0,9E+21,,,,,,,,,,48,1,11,4681281057,0,3612843999,0,600,3442,3442,361000000,53,5,T,T,0,NCR S6622 XP,00000000000000JUBU@UAT,B361,,H,0,0,0,0,0,764,141,400,0,14,14,0,0,0,0,0,JUBU@UATB361,0,0,0,P,0,0,0,0,0,0,0,,,,,0,0,0,0,0,0,0,0,0,,,,,,,,0,2.10009E+13,21,9,22,0,111,361,5577557300398410=3209000000000000008804,0,0,88,4,T5,0,53N,N,1,2.02111E+12,,NATID,14,14,14,0,JUBU@UATB361,นาย ลูกค้าสามร้อยเก้าสิบแปด ไอทีเอสคิวเท,,,2.10009E+21,21,9,22,0,0,0,82.24,82.24,,,,,H,,0,N,,N,Y,,,,,,,,,,,,,,,0,0,0,0,0,0,,,,,,,0,,0,0,55:29.0,10:51.6,,NULL,NULL
DR,2.12643E+17,2,UGAA,UAT1,SCB,S1G365310,UAT1,SCB,5.57755E+15,111,1,N,31,210,0,1,3,2.12643E+17,0,0,260416,140804,84,260416,0,0,0,0,0,0,881,22,0,9E+21,,,,,,,,,,31,0,41,0,0,0,0,0,0,0,0,0,5,F,F,1,NCR S6622E XP'S(ATM)@,SCB,8:00,x,H,0,0,0,0,0,764,0,0,34723282.96,0,0,0,0,0,0,0,3.47233E+18,0,0,0,0,0,0,0,0,0,0,0,,,,,0,0,0,0,0,0,0,0,0,,,,,,,,0,5.60058E+13,56,58,120,0,0,0,5577550116023108=3008              1600,,,16,0,F5,0,00N,N,,,,,,,,,,,,,0,0,0,0,0,0,0,0,0,,,,,,,0,N,,N,N,,,,,,,,,,,,,,,0,0,0,0,0,0,,,,,,,0,,0,0,08:04.0,10:51.6,,NULL,NULL
DR,2.12643E+17,2,UGAA,UAT1,SCB,S1G365310,UAT1,SCB,5.57755E+15,111,1,N,31,210,0,1,5,2.12643E+17,2.12643E+17,2.12643E+17,260416,140809,69,260416,0,0,0,0,0,0,882,22,0,9E+21,,,,,,,,,,30,11,0,5492111116,0,0,0,0,461566.54,461566.54,0,2759,5,T,T,0,NCR S6622E XP'S(ATM)@,2000S334093999,8:00,x,H,0,0,0,,0,764,0,0,34723282.96,0,0,0,0,0,0,0,3.47233E+18,0,0,0,P,0,0,0,0,0,0,0,,,,,1000,0,0,1,0,0,0,0,0,,,,,,,,0,5.60058E+13,56,58,120,0,549,,5577550116023108=30082000S3340939991600,2000S334,93999,16,0,T5,27,59N,N,,,,,,,,,,,,,0,0,0,0,0,0,0,0,0,,,,,,,0,N,,N,Y,,,,,,,,,,,,,,,0,0,0,0,0,0,,,,,,,0,,0,0,08:09.0,10:51.6,1,NULL,NULL
ER,2.12643E+17,2,UGAA,UAT1,SCB,S1G365310,UAT1,SCB,5.57755E+15,111,1,N,31,210,0,1,5,2.12643E+17,2.12643E+17,2.12643E+17,260416,140821,35,260416,0,0,0,0,0,0,883,22,0,9E+21,,,,,,,,,,38,11,1,5492111116,0,1110300695,0,12.99,461566.54,461566.54,0,2760,5,T,T,0,NCR S6622E XP'S(ATM)@,2000S335097043CPAC ROO,F TILE    8 :,x,0,644.32,644.32,4644.32,6.44326E+15,0,764,0,0,0,0,0,0,0,0,0,0,CPAC ROOF TILE,0,0,0,P,0,0,0,0,0,0,0,,,,,10,0,0,0,0,1,1,0,0,,,,,,,,0,5.60058E+13,56,58,120,48,549,0,5577550116023108=30082000S3350970431600,2000S335,97043,16,0,T5,27,60N,N,0,1.05533E+13,,BILLERID,14,14,14,0,CPAC ROOF TILE,CPAC ROOF TILE,,,0,0,0,0,0,0,0,0,0,,,,,Q,,0,N,N,N,Y,,,,,,,,,,,,,,,0,0,0,0,0,0,,,,,,,0,,0,0,08:21.0,10:51.6,,NULL,NULL
DR,2.12643E+17,1,UGAA,UAT1,SCB,S1G365310,UAT1,SCB,5.57755E+15,111,1,N,31,210,0,1,5,2.12643E+17,2.12643E+17,2.12643E+17,260416,140829,2,260416,0,0,0,0,0,0,883,22,0,9E+21,,,,,,,,,123,55,11,1,5492111116,0,1110300695,0,12.99,461553.55,461553.55,0,2761,5,T,T,0,NCR S6622E XP'S(ATM)@,00000000000000CPAC ROO,F TILE    8 :,x,0,0,0,0,,0,764,0,0,0,0,0,0,0,0,0,0,CPAC ROOF TILE,0,0,0,P,0,0,0,0,0,0,0,,,,,10,0,0,0,0,1,1,0,0,,,,,,,456,0,5.60058E+13,56,58,120,48,549,0,5577550116023108=3008000000000000001600,0,0,16,0,T5,27,61N,N,2,1.05533E+13,,BILLERID,14,14,14,0,CPAC ROOF TILE,CPAC ROOF TILE,,,0,0,0,0,0,0,0,0,0,,,,,Q,,0,N,N,N,Y,,,,,,,,,,,,,,,0,0,0,0,0,0,,,,,,,0,,0,0,08:29.0,10:51.6,,NULL,NULL
DR,2.12643E+17,2,UGAA,UAT1,SCB,S1G365310,UAT1,SCB,5.57755E+15,111,1,N,31,110,0,1,5,2.12643E+17,2.12643E+17,2.12643E+17,260416,140850,27,260416,0,0,0,0,0,0,884,22,0,9E+21,,,,,,,,,,39,11,1,5492111116,0,163045436,0,111.11,0,0,830032704,2762,5,T,T,0,NCR S6622E XP'S(ATM)@,2000S336094036TESTFISU,AT        8 :,x,H,0,0,0,0,0,764,141,0,0,14,14,00000 000000,0,0,0,0,TESTFISUAT,0,0,0,P,0,0,0,0,0,0,0,,,,,1000,0,0,1,0,0,0,0,00000000000000000000N0,,,,,,,,0,5.60058E+13,56,58,120,0,549,5125,5577550116023108=30082000S3360940361600,2000S336,94036,16,0,T5,27,62N,N,,,,,,,,,,,,,0,0,0,0,0,0,0,0,0,,,,,,,0,N,,N,Y,,,,,,,,,,,,,,,0,0,0,0,0,0,,,,,,,0,,0,0,08:50.0,10:51.6,,NULL,NULL
DR,2.12643E+17,1,UGAA,UAT1,SCB,S1G365310,UAT1,SCB,5.57755E+15,111,1,N,31,210,0,1,5,2.12643E+17,2.12643E+17,2.12643E+17,260416,140850,27,260416,0,0,0,0,0,0,885,22,0,9E+21,,,,,,,,,,49,11,1,5492111116,0,163045436,0,111.11,461442.44,461442.44,830065408,2763,5,T,T,0,NCR S6622E XP'S(ATM)@,2000S337097075บัญชีทดส,อบเอฟไอเอ 8 :,x,H,0,0,0,0,0,764,141,0,0,14,14,00000 000000,0,0,0,0,บัญชีทดสอบเอฟไอเอ,0,0,0,P,0,0,0,0,0,0,0,,,,,10001000,0,10,1,0,0,0,0,00000000000000000000N0,,,,,,,,0,5.60058E+13,56,58,120,0,549,5125,5577550116023108=30082000S3370970751600,2000S337,97075,16,0,T5,27,63N,N,,,,,,,,,,,,,0,0,0,0,0,0,0,0,0,,,,,,,0,N,,N,Y,,,,,,,,,,,,,,,0,0,0,0,0,0,,,,,,,0,,0,0,08:50.0,10:51.6,,NULL,NULL
DR,2.12643E+17,1,UGAA,UAT1,SCB,S1G365310,UAT1,SCB,5.57755E+15,111,1,N,31,210,0,1,5,2.12643E+17,2.12643E+17,2.12643E+17,260416,140908,34,260416,0,0,0,0,0,0,886,22,0,9E+21,,,,,,,,,,10,11,0,5492111116,0,0,2,2000,459427.44,459427.44,0,2764,5,T,T,0,NCR S6622E XP'S(ATM)@,2000S338097080,8:00,x,H,0,0,0,,0,764,0,0,34723282.96,0,0,0,0,0,0,0,3.47233E+18,0,0,0,P,0,0,0,0,0,0,0,,,,,1.5E+13,15,0,1,1,0,0,0,0,,,,,,,,0,5.60058E+13,56,58,120,0,549,,5577550116023108=30082000S3380970801600,2000S338,97080,16,0,T5,27,64N,N,,,,,,,,,,,,,0,0,0,0,0,0,0,0,0,,,,,,,0,N,,N,Y,,,,,,,,,,,,,,,0,0,0,0,0,0,,,,,,,0,,0,0,09:08.0,10:51.6,1,NULL,NULL
DR,2.12643E+17,2,UAAA,UAT1,SCB,S1A365316,UAT1,SCB,5.57756E+15,111,1,N,31,210,0,1,3,2.12643E+17,0,0,260416,140914,63,260416,0,0,0,0,0,0,1990,22,0,9E+21,,,,,,,,,,31,0,41,0,0,0,0,0,0,0,0,0,5,F,F,1,NCR S6622E XP,SCB,บ ป,],H,0,0,0,0,0,764,0,0,34723282.96,0,0,0,0,0,0,0,3.47233E+18,0,0,0,0,0,0,0,0,0,0,0,,,,,0,0,0,0,0,0,0,0,0,,,,,,,,0,7.04019E+14,704,193,433,0,0,0,5577557300398410=3209              8804,,,88,4,F5,0,00N,N,,,,,,,,,,,,,0,0,0,0,0,0,0,0,0,,,,,,,0,N,,N,N,,,,,,,,,,,,,,,0,0,0,0,0,0,,,,,,,0,,0,0,09:14.0,10:51.7,,NULL,NULL
DR,2.12643E+17,2,UAAA,UAT1,SCB,S1A365316,UAT1,SCB,5.57756E+15,111,1,N,31,210,0,1,5,2.12643E+17,2.12643E+17,2.12643E+17,260416,140938,8,260416,0,0,0,0,0,0,1991,22,0,9E+21,,,,,,,,,,38,1,11,4681281057,0,3612843999,0,580,2862,2862,361000000,54,5,T,T,0,NCR S6622E XP,00000000000000JUBU@UAT,B361     บ ป,],H,0,0,0,0,0,764,141,400,0,14,14,0,0,0,0,0,JUBU@UATB361,0,0,0,P,0,0,0,0,0,0,0,,,,,0,0,0,0,0,0,0,0,0,,,,,,,,0,7.04019E+14,704,193,433,0,111,361,5577557300398410=3209000000000000008804,0,0,88,4,T5,0,54N,N,0,2.02111E+12,,NATID,14,14,14,0,JUBU@UATB361,นาย ลูกค้าสามร้อยเก้าสิบแปด ไอทีเอสคิวเท,,,0,0,0,0,0,0,0,0,0,,,,,H,,0,N,,N,Y,,,,,,,,,,,,,,,0,0,0,0,0,0,,,,,,,0,,0,0,09:38.0,10:51.7,,NULL,NULL
DR,2.12643E+17,1,UAAA,UAT1,SCB,S1A365316,UAT1,SCB,5.57756E+15,111,1,N,31,210,0,1,5,2.12643E+17,2.12643E+17,2.12643E+17,260416,140951,29,260416,0,0,0,0,0,0,1991,22,0,9E+21,,,,,,,,,,48,1,11,4681281057,0,3612843999,0,580,2862,2862,361000000,55,5,T,T,0,NCR S6622E XP,00000000000000JUBU@UAT,B361     บ ป,],H,0,0,0,0,0,764,141,400,0,14,14,0,0,0,0,0,JUBU@UATB361,0,0,0,P,0,0,0,0,0,0,0,,,,,0,0,0,0,0,0,0,0,0,,,,,,,,0,7.04019E+14,704,193,433,0,111,361,5577557300398410=3209000000000000008804,0,0,88,4,T5,0,55N,N,1,2.02111E+12,,NATID,14,14,14,0,JUBU@UATB361,นาย ลูกค้าสามร้อยเก้าสิบแปด ไอทีเอสคิวเท,,,0,0,0,0,0,0,0,0,0,,,,,H,,0,N,,N,Y,,,,,,,,,,,,,,,0,0,0,0,0,0,,,,,,,0,,0,0,09:51.0,10:51.7,,NULL,NULL
DR,2.12643E+17,2,UAAA,UAT1,SCB,S1A365316,UAT1,SCB,5.57756E+15,111,1,N,31,210,0,1,5,2.12643E+17,2.12643E+17,2.12643E+17,260416,141029,72,260416,0,0,0,0,0,0,1992,22,0,9E+21,,,,,,,,,,38,11,11,4340357569,0,3612843999,0,600,7203.6,7203.6,361000000,56,5,T,T,0,NCR S6622E XP,00000000000000JUBU@UAT,B361     บ ป,],H,0,0,0,0,0,764,141,400,0,14,14,0,0,0,0,0,JUBU@UATB361,0,0,0,P,0,0,0,0,0,0,0,,,,,0,0,0,0,0,0,0,0,0,,,,,,,,0,7.04019E+14,704,193,433,0,111,361,5577557300398410=3209000000000000008804,0,0,88,4,T5,0,56N,N,0,2.02111E+12,,NATID,14,14,14,0,JUBU@UATB361,นาย ลูกค้าสามร้อยเก้าสิบแปด ไอทีเอสคิวเท,,,0,0,0,0,0,0,0,0,0,,,,,H,,0,N,,N,Y,,,,,,,,,,,,,,,0,0,0,0,0,0,,,,,,,0,,0,0,10:29.0,10:51.7,,NULL,NULL
DR,2.12643E+17,1,UAAA,UAT1,SCB,S1A365316,UAT1,SCB,5.57756E+15,111,1,N,31,210,0,1,5,2.12643E+17,2.12643E+17,2.12643E+17,260416,141040,54,260416,0,0,0,0,0,0,1992,22,0,9E+21,,,,,,,,,,48,11,11,4340357569,0,3612843999,0,600,7203.6,7203.6,361000000,57,5,T,T,0,NCR S6622E XP,00000000000000JUBU@UAT,B361     บ ป,],H,0,0,0,0,0,764,141,400,0,14,14,0,0,0,0,0,JUBU@UATB361,0,0,0,P,0,0,0,0,0,0,0,,,,,0,0,0,0,0,0,0,0,0,,,,,,,,0,7.04019E+14,704,193,433,0,111,361,5577557300398410=3209000000000000008804,0,0,88,4,T5,0,57N,N,1,2.02111E+12,,NATID,14,14,14,0,JUBU@UATB361,นาย ลูกค้าสามร้อยเก้าสิบแปด ไอทีเอสคิวเท,,,0,0,0,0,0,0,0,0,0,,,,,H,,0,N,,N,Y,,,,,,,,,,,,,,,0,0,0,0,0,0,,,,,,,0,,0,0,10:40.0,10:51.7,,NULL,NULL
DR,2.12643E+17,2,UGAA,UAT1,SCB,B100009B014B2219,UAT1,SCB,1010000071,5013,0,N,31,110,11,5,6,2.12643E+17,0,0,260416,141228,0,260416,0,0,0,0,0,260416,8,50,0,1.40014E+20,,,,,,,,,,39,0,0,,0,1010000071,0,101,0,0,0,0,0,0,0,72,???????????????,ORFT-COUNTER SCB,0,0,0,14,22,14,1.40002E+14,0,764,140,0,0,14,2,,0,0,0,0,CB      000000000,0,0,A,P,0,0,0,0,0,0,0,,,,,5E+13,50,0,0,0,0,0,0,00000000000000000000N0,,,,,,,,0,0,0,0,0,0,0,0,5895999999999990=1299ORFT-COUNTER S8507,ORFT-COU,NTER S,85,7,0,0,00N,N,,,,,,,,,,,,,0,0,0,0,0,0,0,0,0,,,,,,,0,N,,N,N,,,,,,,,,,,,,,,0,0,0,0,0,0,,,,,,,0,,0,0,12:28.0,10:51.6,,NULL,NULL
DR,2.12643E+17,2,UGAA,UAT1,SCB,B100009B014B2219,UAT1,SCB,1010000071,5013,0,N,31,110,0,5,7,2.12643E+17,2.12643E+17,2.12643E+17,260416,141245,0,260416,0,0,0,0,0,260416,10,50,0,1.40014E+20,,,,,,,,,,39,0,0,,0,1010000071,0,101,0,0,0,0,0,0,0,0,???????????????,ORFT-COUNTER STEST_P00,32111    0000,0,0,14,0,0,1.4E+14,245040.41,764,140,200.0000415,0,14,2,415501,0,0,415,501,TEST_P0032111,0,0,A,P,246261,0,0,0,0,0,0,,,,,1.4E+13,14,0,0,0,0,0,0,00000000000000000000N0,,,,,,,,0,0,0,0,0,0,0,0,5895999999999990=1299ORFT-COUNTER S8507,ORFT-COU,NTER S,85,7,0,0,00N,N,,,,,,,,,,,,,0,0,0,0,0,0,0,0,0,,,,,,,0,N,,N,N,,,,,,,,,,,,,,,0,0,0,0,0,0,,,,,,,0,,0,0,12:45.0,10:51.6,,NULL,NULL
DR,2.12643E+17,2,UAAA,UAT1,SCB,S1A365316,UAT1,SCB,5.57756E+15,111,1,N,31,210,0,1,3,2.12643E+17,0,0,260416,141358,88,260416,0,0,0,0,0,0,1993,22,0,9E+21,,,,,,,,,,31,0,41,0,0,0,0,0,0,0,0,0,5,F,F,1,NCR S6622E XP,SCB,บ ป,],H,0,0,0,0,0,764,0,0,34723282.96,0,0,0,0,0,0,0,3.47233E+18,0,0,0,0,0,0,0,0,0,0,0,,,,,0,0,0,0,0,0,0,0,0,,,,,,,,0,7.04019E+14,704,193,433,0,0,0,5577557229121885=3208              8704,,,87,4,F5,0,00N,N,,,,,,,,,,,,,0,0,0,0,0,0,0,0,0,,,,,,,0,N,,N,N,,,,,,,,,,,,,,,0,0,0,0,0,0,,,,,,,0,,0,0,13:58.0,10:51.7,,NULL,NULL
DR,2.12643E+17,2,UAAA,UAT1,SCB,S1A365316,UAT1,SCB,5.57756E+15,111,1,N,31,210,0,1,5,2.12643E+17,2.12643E+17,2.12643E+17,260416,141431,35,260416,0,0,0,0,0,0,1994,22,0,9E+21,,,,,,,,,,38,1,0,5013633826,0,,0,350,0,0,0,90,5,T,T,56,NCR S6622E XP,0,บ ป,],H,0,0,0,0,0,764,140,0,0,14,0,0,0,0,0,0,,0,0,0,P,0,0,0,0,0,0,0,,,,,0,0,0,0,0,0,0,0,0,,,,,,,,0,7.04019E+14,704,193,433,0,501,0,5577557229121885=3208000000000000008704,0,0,87,4,T5,0,90N,N,0,2.02111E+12,,NATID,14,14,0,0,,0,,,0,0,0,0,0,0,0,0,0,,,0,0,H,,0,N,,N,Y,,,,,,,,,,,,,,,0,0,0,0,0,0,,,,,,,0,,0,0,14:31.0,10:51.7,,NULL,NULL
DR,2.12643E+17,2,UAAA,UAT1,SCB,S1A365316,UAT1,SCB,5.57756E+15,111,1,N,31,210,0,1,3,2.12643E+17,0,0,260416,141822,60,260416,0,0,0,0,0,0,1995,22,0,9E+21,,,,,,,,,,31,0,41,0,0,0,0,0,0,0,0,0,5,F,F,1,NCR S6622E XP,SCB,บ ป,],H,0,0,0,0,0,764,0,0,34723282.96,0,0,0,0,0,0,0,3.47233E+18,0,0,0,0,0,0,0,0,0,0,0,,,,,0,0,0,0,0,0,0,0,0,,,,,,,,0,7.04019E+14,704,193,433,0,0,0,5577557413671430=3008              8400,,,84,0,F5,0,00N,N,,,,,,,,,,,,,0,0,0,0,0,0,0,0,0,,,,,,,0,N,,N,N,,,,,,,,,,,,,,,0,0,0,0,0,0,,,,,,,0,,0,0,18:22.0,10:51.7,,NULL,NULL
DR,2.12643E+17,2,UAAA,UAT1,SCB,S1A365316,UAT1,SCB,5.57756E+15,111,1,N,31,210,0,1,5,2.12643E+17,2.12643E+17,2.12643E+17,260416,141844,82,260416,0,0,0,0,0,0,1996,22,0,9E+21,,,,,,,,,,38,11,11,4150140518,0,3612843999,0,100,10000012575,10000012575,361000000,108,5,T,T,0,NCR S6622E XP,00000000000000JUBU@UAT,B361     บ ป,],H,0,0,0,0,0,764,141,400,0,14,14,0,0,0,0,0,JUBU@UATB361,0,0,0,P,0,0,0,0,0,0,0,,,,,0,0,0,0,0,0,0,0,0,,,,,,,,0,7.04019E+14,704,193,433,0,111,361,5577557413671430=3008000000000000008400,0,0,84,0,T5,1,08N,N,0,2.02111E+12,,NATID,14,14,14,0,JUBU@UATB361,นาย ลูกค้าสามร้อยเก้าสิบแปด ไอทีเอสคิวเท,,,0,0,0,0,0,0,0,0,0,,,,,H,,0,N,,N,Y,,,,,,,,,,,,,,,0,0,0,0,0,0,,,,,,,0,,0,0,18:44.0,10:51.7,,NULL,NULL
DR,2.12643E+17,2,UAAA,UAT1,SCB,S1A365316,UAT1,SCB,5.57756E+15,111,1,N,31,210,0,1,5,2.12643E+17,2.12643E+17,2.12643E+17,260416,141926,24,260416,0,0,0,0,0,0,1997,22,0,9E+21,,,,,,,,,,38,1,11,4681281081,0,3612843999,0,300,1009860,1009860,361000000,109,5,T,T,0,NCR S6622E XP,00000000000000JUBU@UAT,B361     บ ป,],H,0,0,0,0,0,764,141,400,0,14,14,0,0,0,0,0,JUBU@UATB361,0,0,0,P,0,0,0,0,0,0,0,,,,,0,0,0,0,0,0,0,0,0,,,,,,,,0,7.04019E+14,704,193,433,0,111,361,5577557413671430=3008000000000000008400,0,0,84,0,T5,1,09N,N,0,2.02111E+12,,NATID,14,14,14,0,JUBU@UATB361,นาย ลูกค้าสามร้อยเก้าสิบแปด ไอทีเอสคิวเท,,,0,0,0,0,0,0,0,0,0,,,,,H,,0,N,,N,Y,,,,,,,,,,,,,,,0,0,0,0,0,0,,,,,,,0,,0,0,19:26.0,10:51.7,,NULL,NULL
DR,2.12643E+17,1,UAAA,UAT1,SCB,S1A365316,UAT1,SCB,5.57756E+15,111,1,N,31,210,0,1,5,2.12643E+17,2.12643E+17,2.12643E+17,260416,141935,65,260416,0,0,0,0,0,0,1997,22,0,9E+21,,,,,,,,,,48,1,11,4681281081,0,3612843999,0,300,1009860,1009860,361000000,110,5,T,T,0,NCR S6622E XP,00000000000000JUBU@UAT,B361     บ ป,],H,0,0,0,0,0,764,141,400,0,14,14,0,0,0,0,0,JUBU@UATB361,0,0,0,P,0,0,0,0,0,0,0,,,,,0,0,0,0,0,0,0,0,0,,,,,,,,0,7.04019E+14,704,193,433,0,111,361,5577557413671430=3008000000000000008400,0,0,84,0,T5,1,10N,N,1,2.02111E+12,,NATID,14,14,14,0,JUBU@UATB361,นาย ลูกค้าสามร้อยเก้าสิบแปด ไอทีเอสคิวเท,,,0,0,0,0,0,0,0,0,0,,,,,H,,0,N,,N,Y,,,,,,,,,,,,,,,0,0,0,0,0,0,,,,,,,0,,0,0,19:35.0,10:51.7,,NULL,NULL
DR,2.12643E+17,2,UAAA,UAT1,SCB,S1A365316,UAT1,SCB,5.57756E+15,111,1,N,31,210,0,1,7,2.12643E+17,2.12643E+17,2.12643E+17,260416,142017,48,260416,0,0,0,0,0,260416,1998,22,0,1.49E+12,,,,,,,,,,38,11,0,4150140518,0,,0,360,10000012575,10000012575,0,111,5,T,T,65,NCR S6622E XP,0,บ ป,],H,0,0,0,0,17040.41,764,140,61.0607001,0,14,0,6.10607E+11,610,607,1,998,,0,0,0,P,,0,0,0,0,0,0,,,,,0,0,0,0,0,0,0,0,0,,,,,,,,0,7.04019E+14,704,193,433,0,111,0,5577557413671430=3008000000000000008400,0,0,84,0,T5,1,11N,N,0,2.0111E+11,,NATID,14,14,0,P,,0,,,0,0,0,0,0,0,0,0,0,,,0,0,H,,0,N,,N,Y,,,,,,,,,,,,,,,0,0,0,0,0,0,,,,,,,0,,0,0,20:17.0,10:51.7,,NULL,NULL
DR,2.12643E+17,2,UAAA,UAT1,SCB,S1A365316,UAT1,SCB,5.57756E+15,111,1,N,31,210,0,1,5,2.12643E+17,2.12643E+17,2.12643E+17,260416,142054,50,260416,0,0,0,0,0,0,1999,22,0,9E+21,,,,,,,,,,38,11,11,4150140518,0,3612843999,0,650,10000012575,10000012575,361000000,112,5,T,T,0,NCR S6622E XP,00000000000000JUBU@UAT,B361     บ ป,],H,0,0,0,0,0,764,141,400,0,14,14,0,0,0,0,0,JUBU@UATB361,0,0,0,P,0,0,0,0,0,0,0,,,,,0,0,0,0,0,0,0,0,0,,,,,,,,0,7.04019E+14,704,193,433,0,111,361,5577557413671430=3008000000000000008400,0,0,84,0,T5,1,12N,N,0,2.02111E+12,,NATID,14,14,14,0,JUBU@UATB361,นาย ลูกค้าสามร้อยเก้าสิบแปด ไอทีเอสคิวเท,,,0,0,0,0,0,0,0,0,0,,,,,H,,0,N,,N,Y,,,,,,,,,,,,,,,0,0,0,0,0,0,,,,,,,0,,0,0,20:54.0,10:51.7,,NULL,NULL
DR,2.12643E+17,1,UAAA,UAT1,SCB,S1A365316,UAT1,SCB,5.57756E+15,111,1,N,31,210,0,1,5,2.12643E+17,2.12643E+17,2.12643E+17,260416,142103,33,260416,0,0,0,0,0,0,1999,22,0,9E+21,,,,,,,,,,48,11,11,4150140518,0,3612843999,0,650,10000012575,10000012575,361000000,113,5,T,T,0,NCR S6622E XP,00000000000000JUBU@UAT,B361     บ ป,],H,0,0,0,0,0,764,141,400,0,14,14,0,0,0,0,0,JUBU@UATB361,0,0,0,P,0,0,0,0,0,0,0,,,,,0,0,0,0,0,0,0,0,0,,,,,,,,0,7.04019E+14,704,193,433,0,111,361,5577557413671430=3008000000000000008400,0,0,84,0,T5,1,13N,N,1,2.02111E+12,,NATID,14,14,14,0,JUBU@UATB361,นาย ลูกค้าสามร้อยเก้าสิบแปด ไอทีเอสคิวเท,,,0,0,0,0,0,0,0,0,0,,,,,H,,0,N,,N,Y,,,,,,,,,,,,,,,0,0,0,0,0,0,,,,,,,0,,0,0,21:03.0,10:51.7,,NULL,NULL
DR,2.12643E+17,2,UGAV,UAT1,SCB,S1GVT6102,UAT1,SCB,5.57756E+15,111,1,R,31,210,0,1,3,2.12643E+17,0,0,260416,142319,74,260416,0,0,0,0,0,0,211,22,0,9E+21,,,,,,,,,,31,0,41,0,0,0,0,0,0,0,0,0,5,F,F,1,NCR S6622 XP,SCB,,,H,0,0,0,0,0,764,0,0,34723282.96,0,0,0,0,0,0,0,3.47233E+18,0,0,0,0,0,0,0,0,0,0,0,,,,,0,0,0,0,0,0,0,0,0,,,,,,,,0,2.10009E+13,21,9,22,0,0,0,5577557300398410=3209              8804,,,88,4,F5,0,00N,N,,,,,,,,,,,,,2.10009E+21,21,9,22,0,0,0,0,0,,,,,,,0,N,,N,N,,,,,,,,,,,,,,,0,0,0,0,0,0,,,,,,,0,,0,0,23:19.0,10:51.6,,NULL,NULL
DR,2.12643E+17,2,UGAA,UAT1,SCB,B100009B014B2219,UAT1,SCB,1010000071,5013,0,N,31,110,0,5,7,2.12643E+17,2.12643E+17,2.12643E+17,260416,142327,0,260416,0,0,0,0,0,260416,13,50,0,1.40014E+20,,,,,,,,,,39,0,0,,0,1010000071,0,101,0,0,0,0,0,0,0,0,???????????????,ORFT-COUNTER STEST_P00,32111    0000,0,0,14,0,0,1.4E+14,327040.41,764,140,200.0000416,0,14,2,416001,0,0,416,1,TEST_P0032111,0,0,A,P,671317,0,0,0,0,0,0,,,,,1.4E+13,14,0,0,0,0,0,0,00000000000000000000N0,,,,,,,,0,0,0,0,0,0,0,0,5895999999999990=1299ORFT-COUNTER S8507,ORFT-COU,NTER S,85,7,0,0,00N,N,,,,,,,,,,,,,0,0,0,0,0,0,0,0,0,,,,,,,0,N,,N,N,,,,,,,,,,,,,,,0,0,0,0,0,0,,,,,,,0,,0,0,23:27.0,10:51.6,,NULL,NULL
DR,2.12643E+17,2,UGAV,UAT1,SCB,S1GVT6102,UAT1,SCB,5.57756E+15,111,1,R,31,210,0,1,5,2.12643E+17,2.12643E+17,2.12643E+17,260416,142342,17,260416,0,0,0,0,0,0,212,22,0,9E+21,,,,,,,,,,38,1,11,4681281057,0,3612843999,0,250,2612,2612,361000000,58,5,T,T,0,NCR S6622 XP,00000000000000JUBU@UAT,B361,,H,0,0,0,0,0,764,141,400,0,14,14,0,0,0,0,0,JUBU@UATB361,0,0,0,P,0,0,0,0,0,0,0,,,,,0,0,0,0,0,0,0,0,0,,,,,,,,0,2.10009E+13,21,9,22,0,111,361,5577557300398410=3209000000000000008804,0,0,88,4,T5,0,58N,N,0,2.02111E+12,,NATID,14,14,14,0,JUBU@UATB361,นาย ลูกค้าสามร้อยเก้าสิบแปด ไอทีเอสคิวเท,,,2.10009E+21,21,9,22,0,0,0,82.24,82.24,,,,,H,,0,N,,N,Y,,,,,,,,,,,,,,,0,0,0,0,0,0,,,,,,,0,,0,0,23:42.0,10:51.6,,NULL,NULL
DR,2.12643E+17,1,UGAV,UAT1,SCB,S1GVT6102,UAT1,SCB,5.57756E+15,111,1,R,31,210,0,1,5,2.12643E+17,2.12643E+17,2.12643E+17,260416,142351,38,260416,0,0,0,0,0,0,212,22,0,9E+21,,,,,,,,,,48,1,11,4681281057,0,3612843999,0,250,2612,2612,361000000,59,5,T,T,0,NCR S6622 XP,00000000000000JUBU@UAT,B361,,H,0,0,0,0,0,764,141,400,0,14,14,0,0,0,0,0,JUBU@UATB361,0,0,0,P,0,0,0,0,0,0,0,,,,,0,0,0,0,0,0,0,0,0,,,,,,,,0,2.10009E+13,21,9,22,0,111,361,5577557300398410=3209000000000000008804,0,0,88,4,T5,0,59N,N,1,2.02111E+12,,NATID,14,14,14,0,JUBU@UATB361,นาย ลูกค้าสามร้อยเก้าสิบแปด ไอทีเอสคิวเท,,,2.10009E+21,21,9,22,0,0,0,82.24,82.24,,,,,H,,0,N,,N,Y,,,,,,,,,,,,,,,0,0,0,0,0,0,,,,,,,0,,0,0,23:51.0,10:51.6,,NULL,NULL
DR,2.12643E+17,2,UGAV,UAT1,SCB,S1GVT6102,UAT1,SCB,5.57756E+15,111,1,R,31,210,0,1,5,2.12643E+17,2.12643E+17,2.12643E+17,260416,142434,61,260416,0,0,0,0,0,0,213,22,0,9E+21,,,,,,,,,,38,11,11,4340357569,0,3612843999,0,740,6463.6,6463.6,361000000,60,5,T,T,0,NCR S6622 XP,00000000000000JUBU@UAT,B361,,H,0,0,0,0,0,764,141,400,0,14,14,0,0,0,0,0,JUBU@UATB361,0,0,0,P,0,0,0,0,0,0,0,,,,,0,0,0,0,0,0,0,0,0,,,,,,,,0,2.10009E+13,21,9,22,0,111,361,5577557300398410=3209000000000000008804,0,0,88,4,T5,0,60N,N,0,2.02111E+12,,NATID,14,14,14,0,JUBU@UATB361,นาย ลูกค้าสามร้อยเก้าสิบแปด ไอทีเอสคิวเท,,,2.10009E+21,21,9,22,0,0,0,82.24,82.24,,,,,H,,0,N,,N,Y,,,,,,,,,,,,,,,0,0,0,0,0,0,,,,,,,0,,0,0,24:34.0,10:51.6,,NULL,NULL
DR,2.12643E+17,1,UGAV,UAT1,SCB,S1GVT6102,UAT1,SCB,5.57756E+15,111,1,R,31,210,0,1,5,2.12643E+17,2.12643E+17,2.12643E+17,260416,142443,45,260416,0,0,0,0,0,0,213,22,0,9E+21,,,,,,,,,,48,11,11,4340357569,0,3612843999,0,740,6463.6,6463.6,361000000,61,5,T,T,0,NCR S6622 XP,00000000000000JUBU@UAT,B361,,H,0,0,0,0,0,764,141,400,0,14,14,0,0,0,0,0,JUBU@UATB361,0,0,0,P,0,0,0,0,0,0,0,,,,,0,0,0,0,0,0,0,0,0,,,,,,,,0,2.10009E+13,21,9,22,0,111,361,5577557300398410=3209000000000000008804,0,0,88,4,T5,0,61N,N,1,2.02111E+12,,NATID,14,14,14,0,JUBU@UATB361,นาย ลูกค้าสามร้อยเก้าสิบแปด ไอทีเอสคิวเท,,,2.10009E+21,21,9,22,0,0,0,82.24,82.24,,,,,H,,0,N,,N,Y,,,,,,,,,,,,,,,0,0,0,0,0,0,,,,,,,0,,0,0,24:43.0,10:51.6,,NULL,NULL
DR,2.12643E+17,2,UGAV,UAT1,SCB,S1GVT6102,UAT1,SCB,5.57756E+15,111,1,R,31,210,0,1,3,2.12643E+17,0,0,260416,142520,28,260416,0,0,0,0,0,0,214,22,0,9E+21,,,,,,,,,,31,0,41,0,0,0,0,0,0,0,0,0,5,F,F,1,NCR S6622 XP,SCB,,,H,0,0,0,0,0,764,0,0,34723282.96,0,0,0,0,0,0,0,3.47233E+18,0,0,0,0,0,0,0,0,0,0,0,,,,,0,0,0,0,0,0,0,0,0,,,,,,,,0,2.10009E+13,21,9,22,0,0,0,5577557413671430=3008              8400,,,84,0,F5,0,00N,N,,,,,,,,,,,,,2.10009E+21,21,9,22,0,0,0,0,0,,,,,,,0,N,,N,N,,,,,,,,,,,,,,,0,0,0,0,0,0,,,,,,,0,,0,0,25:20.0,10:51.6,,NULL,NULL
DR,2.12643E+17,2,UGAV,UAT1,SCB,S1GVT6102,UAT1,SCB,5.57756E+15,111,1,R,31,210,0,1,3,2.12643E+17,0,0,260416,142543,51,260416,0,0,0,0,0,0,215,22,0,9E+21,,,,,,,,,,38,1,0,0,0,,0,400,0,0,0,114,5,T,T,53,NCR S6622 XP,0,,,H,0,0,0,0,0,764,0,0,0,0,0,0,0,0,0,0,,0,0,0,0,0,0,0,0,0,0,0,,,,,0,0,0,0,0,0,0,0,0,,,,,,,,0,2.10009E+13,21,9,22,0,0,0,5577557413671430=3008000000000000008400,0,0,84,0,T5,1,14N,N,0,2.02111E+12,,NATID,0,0,0,0,,,,,2.10009E+21,21,9,22,0,0,0,82.24,82.24,,,,,H,,0,N,,N,N,,,,,,,,,,,,,,,0,0,0,0,0,0,,,,,,,0,,0,0,25:43.0,10:51.6,,NULL,NULL
DR,2.12643E+17,2,UGAV,UAT1,SCB,S1GVT6102,UAT1,SCB,5.57756E+15,111,1,R,31,210,0,1,3,2.12643E+17,0,0,260416,142608,14,260416,0,0,0,0,0,0,216,22,0,9E+21,,,,,,,,,,31,0,41,0,0,0,0,0,0,0,0,0,5,F,F,1,NCR S6622 XP,SCB,,,H,0,0,0,0,0,764,0,0,34723282.96,0,0,0,0,0,0,0,3.47233E+18,0,0,0,0,0,0,0,0,0,0,0,,,,,0,0,0,0,0,0,0,0,0,,,,,,,,0,2.10009E+13,21,9,22,0,0,0,5577557413671430=3008              8400,,,84,0,F5,0,00N,N,,,,,,,,,,,,,2.10009E+21,21,9,22,0,0,0,0,0,,,,,,,0,N,,N,N,,,,,,,,,,,,,,,0,0,0,0,0,0,,,,,,,0,,0,0,26:08.0,10:51.6,,NULL,NULL
DR,2.12643E+17,2,UGAV,UAT1,SCB,S1GVT6102,UAT1,SCB,5.57756E+15,111,1,R,31,210,0,1,5,2.12643E+17,2.12643E+17,2.12643E+17,260416,142628,76,260416,0,0,0,0,0,0,217,22,0,9E+21,,,,,,,,,,38,1,11,4681281081,0,3612843999,0,360,1009500,1009500,361000000,115,5,T,T,0,NCR S6622 XP,00000000000000JUBU@UAT,B361,,H,0,0,0,0,0,764,141,400,0,14,14,0,0,0,0,0,JUBU@UATB361,0,0,0,P,0,0,0,0,0,0,0,,,,,0,0,0,0,0,0,0,0,0,,,,,,,,0,2.10009E+13,21,9,22,0,111,361,5577557413671430=3008000000000000008400,0,0,84,0,T5,1,15N,N,0,2.02111E+12,,NATID,14,14,14,0,JUBU@UATB361,นาย ลูกค้าสามร้อยเก้าสิบแปด ไอทีเอสคิวเท,,,2.10009E+21,21,9,22,0,0,0,82.24,82.24,,,,,H,,0,N,,N,Y,,,,,,,,,,,,,,,0,0,0,0,0,0,,,,,,,0,,0,0,26:28.0,10:51.6,,NULL,NULL
DR,2.12643E+17,1,UGAV,UAT1,SCB,S1GVT6102,UAT1,SCB,5.57756E+15,111,1,R,31,210,0,1,5,2.12643E+17,2.12643E+17,2.12643E+17,260416,142637,58,260416,0,0,0,0,0,0,217,22,0,9E+21,,,,,,,,,,48,1,11,4681281081,0,3612843999,0,360,1009500,1009500,361000000,116,5,T,T,0,NCR S6622 XP,00000000000000JUBU@UAT,B361,,H,0,0,0,0,0,764,141,400,0,14,14,0,0,0,0,0,JUBU@UATB361,0,0,0,P,0,0,0,0,0,0,0,,,,,0,0,0,0,0,0,0,0,0,,,,,,,,0,2.10009E+13,21,9,22,0,111,361,5577557413671430=3008000000000000008400,0,0,84,0,T5,1,16N,N,1,2.02111E+12,,NATID,14,14,14,0,JUBU@UATB361,นาย ลูกค้าสามร้อยเก้าสิบแปด ไอทีเอสคิวเท,,,2.10009E+21,21,9,22,0,0,0,82.24,82.24,,,,,H,,0,N,,N,Y,,,,,,,,,,,,,,,0,0,0,0,0,0,,,,,,,0,,0,0,26:37.0,10:51.6,,NULL,NULL
DR,2.12643E+17,2,UGAV,UAT1,SCB,S1GVT6102,UAT1,SCB,5.57756E+15,111,1,R,31,210,0,1,5,2.12643E+17,2.12643E+17,2.12643E+17,260416,142714,19,260416,0,0,0,0,0,0,218,22,0,9E+21,,,,,,,,,,38,11,11,4150140518,0,3612843999,0,200,10000012575,10000012575,361000000,117,5,T,T,0,NCR S6622 XP,00000000000000JUBU@UAT,B361,,H,0,0,0,0,0,764,141,400,0,14,14,0,0,0,0,0,JUBU@UATB361,0,0,0,P,0,0,0,0,0,0,0,,,,,0,0,0,0,0,0,0,0,0,,,,,,,,0,2.10009E+13,21,9,22,0,111,361,5577557413671430=3008000000000000008400,0,0,84,0,T5,1,17N,N,0,2.02111E+12,,NATID,14,14,14,0,JUBU@UATB361,นาย ลูกค้าสามร้อยเก้าสิบแปด ไอทีเอสคิวเท,,,2.10009E+21,21,9,22,0,0,0,82.24,82.24,,,,,H,,0,N,,N,Y,,,,,,,,,,,,,,,0,0,0,0,0,0,,,,,,,0,,0,0,27:14.0,10:51.6,,NULL,NULL
DR,2.12643E+17,1,UGAV,UAT1,SCB,S1GVT6102,UAT1,SCB,5.57756E+15,111,1,R,31,210,0,1,5,2.12643E+17,2.12643E+17,2.12643E+17,260416,142723,61,260416,0,0,0,0,0,0,218,22,0,9E+21,,,,,,,,,,48,11,11,4150140518,0,3612843999,0,200,10000012575,10000012575,361000000,118,5,T,T,0,NCR S6622 XP,00000000000000JUBU@UAT,B361,,H,0,0,0,0,0,764,141,400,0,14,14,0,0,0,0,0,JUBU@UATB361,0,0,0,P,0,0,0,0,0,0,0,,,,,0,0,0,0,0,0,0,0,0,,,,,,,,0,2.10009E+13,21,9,22,0,111,361,5577557413671430=3008000000000000008400,0,0,84,0,T5,1,18N,N,1,2.02111E+12,,NATID,14,14,14,0,JUBU@UATB361,นาย ลูกค้าสามร้อยเก้าสิบแปด ไอทีเอสคิวเท,,,2.10009E+21,21,9,22,0,0,0,82.24,82.24,,,,,H,,0,N,,N,Y,,,,,,,,,,,,,,,0,0,0,0,0,0,,,,,,,0,,0,0,27:23.0,10:51.6,,NULL,NULL
DR,2.12643E+17,1,UGAA,UAT1,SCB,B100009B014B2219,UAT1,SCB,1010000071,5013,0,N,31,220,0,5,1,0,0,0,260416,142943,0,260416,0,0,0,0,0,0,14,50,0,1.4E+12,,,,,,,,,,49,0,0,,0,1010000071,0,101,0,0,0,0,0,0,0,0,???????????????,ORFT-COUNTER SCB,0,0,0,14,22,14,1.40002E+14,0,764,140,200.0000416,0,14,2,416001,0,0,416,1,CB      000000000,0,0,A,P,0,0,0,0,0,0,0,,,,,5E+13,50,0,0,0,0,0,0,00000000000000000000N0,,,,,,,,0,0,0,0,0,0,0,0,5895999999999990=1299ORFT-COUNTER S8507,ORFT-COU,NTER S,85,7,0,0,00N,N,,,,,,,,,,,,,0,0,0,0,0,0,0,0,0,,,,,,,0,N,,N,N,,,,,,,,,,,,,,,0,0,0,0,0,0,,,,,,,0,,0,0,29:43.0,10:51.6,,NULL,NULL
DR,2.12643E+17,2,UAAA,UAT1,SCB,S1A365316,UAT1,SCB,5.57756E+15,111,1,N,31,210,0,1,3,2.12643E+17,0,0,260416,143743,52,260416,0,0,0,0,0,0,2000,22,0,9E+21,,,,,,,,,,31,0,41,0,0,0,0,0,0,0,0,0,5,F,F,1,NCR S6622E XP,SCB,บ ป,],H,0,0,0,0,0,764,0,0,34723282.96,0,0,0,0,0,0,0,3.47233E+18,0,0,0,0,0,0,0,0,0,0,0,,,,,0,0,0,0,0,0,0,0,0,,,,,,,,0,7.04019E+14,704,193,433,0,0,0,5577559603030419=2705              8300,,,83,0,F5,0,00N,N,,,,,,,,,,,,,0,0,0,0,0,0,0,0,0,,,,,,,0,N,,N,N,,,,,,,,,,,,,,,0,0,0,0,0,0,,,,,,,0,,0,0,37:43.0,10:51.7,,NULL,NULL
DR,2.12643E+17,1,UAAA,UAT1,SCB,S1A365316,UAT1,SCB,5.57756E+15,111,1,N,31,210,0,1,3,2.12643E+17,0,0,260416,143805,96,260416,0,0,0,0,0,0,2001,22,0,9E+21,,,,,,,,,,40,1,11,0,0,0,0,550,0,0,0,217,5,T,T,53,NCR S6622E XP,0,บ ป,],H,0,0,0,,0,764,0,0,34723282.96,0,0,0,0,0,0,0,3.47233E+18,0,0,0,0,0,0,0,0,0,0,0,,,,,0,0,0,0,0,0,0,0,0,,,,,,,,0,7.04019E+14,704,193,433,0,0,0,5577559603030419=2705000000000000008300,0,0,83,0,T5,2,17N,N,,,,,,,,,,,,,0,0,0,0,0,0,0,0,0,,,,,,,0,N,,N,N,,,,,,,,,,,,,,,0,0,0,0,0,0,,,,,,,0,,0,0,38:05.0,10:51.7,1,NULL,NULL
DR,2.12643E+17,1,UAAA,UAT1,SCB,S1A365316,UAT1,SCB,5.57756E+15,111,1,N,31,210,0,1,5,2.12643E+17,2.12643E+17,2.12643E+17,260416,143815,38,260416,0,0,0,0,0,0,2002,22,0,9E+21,,,,,,,,,,40,1,11,4680370104,0,4051348374,0,550,66465.5,66465.5,111000000,218,5,T,T,0,NCR S6622E XP,0,บ ป,],H,0,0,0,,0,764,0,0,34723282.96,0,0,0,0,0,0,0,3.47233E+18,0,0,0,P,0,0,0,0,0,0,0,,,,,0,0,0,0,0,0,0,0,0,,,,,,,,0,7.04019E+14,704,193,433,0,111,111,5577559603030419=2705000000000000008300,0,0,83,0,T5,2,18N,N,,,,,,,,,,,,,0,0,0,0,0,0,0,0,0,,,,,,,0,N,,N,Y,,,,,,,,,,,,,,,0,0,0,0,0,0,,,,,,,0,,0,0,38:15.0,10:51.7,1,NULL,NULL
DR,2.12643E+17,2,UGAR,UAT1,SCB,S1GCR6944,UAT1,SCB,5.57756E+15,111,1,R,31,210,0,1,3,2.12643E+17,0,0,260416,143931,10,260416,0,0,0,0,0,0,6450,30,0,9E+21,,,,,,,,,,31,0,41,0,0,0,0,0,0,0,0,0,5,F,F,1,HITACHI ADM2 XP,SIAM COMERCIAL,#,,5H,0,0,0,0,0,764,0,0,34723282.96,0,0,0,0,0,0,0,3.47233E+18,0,0,0,0,0,0,0,0,0,0,0,,,,,0,0,0,0,0,0,0,0,0,,,,,,,,0,3.0035E+12,3,35,19,53,0,0,5577559603030419=2705              8300,,,83,0,F5,0,00N,N,,,,,,,,,,,,,0,0,0,0,0,0,0,0,0,,,,,,,0,N,,N,N,,,,,,,,,,,,,,,0,0,0,0,0,0,,,,,,,0,,0,0,39:31.0,10:51.6,,NULL,NULL
DR,2.12643E+17,1,UGAR,UAT1,SCB,S1GCR6944,UAT1,SCB,5.57756E+15,111,1,R,31,210,0,1,5,2.12643E+17,2.12643E+17,2.12643E+17,260416,143954,75,260416,0,0,0,0,0,0,6451,30,0,9E+21,,,,,,,,,,40,1,11,4680370104,0,4051348374,0,359,66106.5,66106.5,111000000,219,5,T,T,0,HITACHI ADM2 XP,0,#,,5H,0,0,0,,0,764,0,0,34723282.96,0,0,0,0,0,0,0,3.47233E+18,0,0,0,P,0,0,0,0,0,0,0,,,,,0,0,0,0,0,0,0,0,0,,,,,,,,0,3.0035E+12,3,35,19,53,111,111,5577559603030419=2705000000000000008300,0,0,83,0,T5,2,19N,N,,,,,,,,,,,,,0,0,0,0,0,0,0,0,0,,,,,,,0,N,,N,Y,,,,,,,,,,,,,,,0,0,0,0,0,0,,,,,,,0,,0,0,39:54.0,10:51.6,1,NULL,NULL
DR,2.12643E+17,2,UGAV,UAT1,SCB,S1GVT6102,UAT1,SCB,5.57756E+15,111,1,R,31,210,0,1,3,2.12643E+17,0,0,260416,144147,34,260416,0,0,0,0,0,0,219,22,0,9E+21,,,,,,,,,,31,0,41,0,0,0,0,0,0,0,0,0,5,F,F,1,NCR S6622 XP,SCB,,,H,0,0,0,0,0,764,0,0,34723282.96,0,0,0,0,0,0,0,3.47233E+18,0,0,0,0,0,0,0,0,0,0,0,,,,,0,0,0,0,0,0,0,0,0,,,,,,,,0,2.10009E+13,21,9,22,0,0,0,5577559603030419=2705              8300,,,83,0,F5,0,00N,N,,,,,,,,,,,,,2.10009E+21,21,9,22,0,0,0,0,0,,,,,,,0,N,,N,N,,,,,,,,,,,,,,,0,0,0,0,0,0,,,,,,,0,,0,0,41:47.0,10:51.6,,NULL,NULL
DR,2.12643E+17,2,UGAA,UAT1,SCB,B100009B014B2219,UAT1,SCB,1010000071,5013,0,N,31,110,11,5,6,2.12643E+17,0,0,260416,144157,0,260416,0,0,0,0,0,260416,15,50,0,1.40014E+20,,,,,,,,,,39,0,0,,0,1010000071,0,102,0,0,0,0,0,0,0,72,???????????????,ORFT-COUNTER SCB,0,0,0,14,22,14,1.40002E+14,0,764,140,0,0,14,2,,0,0,0,0,CB      000000000,0,0,A,P,0,0,0,0,0,0,0,,,,,5E+13,50,0,0,0,0,0,0,00000000000000000000N0,,,,,,,,0,0,0,0,0,0,0,0,5895999999999990=1299ORFT-COUNTER S8507,ORFT-COU,NTER S,85,7,0,0,00N,N,,,,,,,,,,,,,0,0,0,0,0,0,0,0,0,,,,,,,0,N,,N,N,,,,,,,,,,,,,,,0,0,0,0,0,0,,,,,,,0,,0,0,41:57.0,10:51.6,,NULL,NULL
DR,2.12643E+17,2,UGAA,UAT1,SCB,B100009B014B2219,UAT1,SCB,1010000071,5013,0,N,31,110,11,5,6,2.12643E+17,0,0,260416,144214,0,260416,0,0,0,0,0,260416,16,50,0,1.40014E+20,,,,,,,,,,39,0,0,,0,1010000071,0,102,0,0,0,0,0,0,0,72,???????????????,ORFT-COUNTER SCB,0,0,0,14,22,14,1.40002E+14,0,764,140,0,0,14,2,,0,0,0,0,CB      000000000,0,0,A,P,0,0,0,0,0,0,0,,,,,5E+13,50,0,0,0,0,0,0,00000000000000000000N0,,,,,,,,0,0,0,0,0,0,0,0,5895999999999990=1299ORFT-COUNTER S8507,ORFT-COU,NTER S,85,7,0,0,00N,N,,,,,,,,,,,,,0,0,0,0,0,0,0,0,0,,,,,,,0,N,,N,N,,,,,,,,,,,,,,,0,0,0,0,0,0,,,,,,,0,,0,0,42:14.0,10:51.6,,NULL,NULL
DR,2.12643E+17,1,UGAV,UAT1,SCB,S1GVT6102,UAT1,SCB,5.57756E+15,111,1,R,31,210,0,1,5,2.12643E+17,2.12643E+17,2.12643E+17,260416,144220,16,260416,0,0,0,0,0,0,220,22,0,9E+21,,,,,,,,,,40,1,11,4680370104,0,4051348374,0,125,65981.5,65981.5,111000000,220,5,T,T,0,NCR S6622 XP,0,,,H,0,0,0,,0,764,0,0,34723282.96,0,0,0,0,0,0,0,3.47233E+18,0,0,0,P,0,0,0,0,0,0,0,,,,,0,0,0,0,0,0,0,0,0,,,,,,,,0,2.10009E+13,21,9,22,0,111,111,5577559603030419=2705000000000000008300,0,0,83,0,T5,2,20N,N,,,,,,,,,,,,,2.10009E+21,21,9,22,0,0,0,0,0,,,,,,,0,N,,N,Y,,,,,,,,,,,,,,,0,0,0,0,0,0,,,,,,,0,,0,0,42:20.0,10:51.6,1,NULL,NULL
DR,2.12643E+17,2,UGAA,UAT1,SCB,B100009B014B2219,UAT1,SCB,1010000071,5013,0,N,31,110,0,5,7,2.12643E+17,2.12643E+17,2.12643E+17,260416,144657,0,260416,0,0,0,0,0,260416,17,50,0,1.40014E+20,,,,,,,,,,39,0,0,,0,1010000071,0,102,0,0,0,0,0,0,0,0,???????????????,ORFT-COUNTER STEST_P00,32111    0000,0,0,14,0,0,1.4E+14,657040.41,764,140,200.0000417,0,14,2,417501,0,0,417,501,TEST_P0032111,0,0,A,P,492023,0,0,0,0,0,0,,,,,1.4E+13,14,0,0,0,0,0,0,00000000000000000000N0,,,,,,,,0,0,0,0,0,0,0,0,5895999999999990=1299ORFT-COUNTER S8507,ORFT-COU,NTER S,85,7,0,0,00N,N,,,,,,,,,,,,,0,0,0,0,0,0,0,0,0,,,,,,,0,N,,N,N,,,,,,,,,,,,,,,0,0,0,0,0,0,,,,,,,0,,0,0,46:57.0,10:51.6,,NULL,NULL
DR,2.12643E+17,2,UGAR,UAT1,SCB,S1GCR6944,UAT1,SCB,5.57756E+15,111,1,R,31,210,0,1,3,2.12643E+17,0,0,260416,144700,76,260416,0,0,0,0,0,0,6452,30,0,9E+21,,,,,,,,,,31,0,41,0,0,0,0,0,0,0,0,0,5,F,F,1,HITACHI ADM2 XP,SIAM COMERCIAL,#,,5H,0,0,0,0,0,764,0,0,34723282.96,0,0,0,0,0,0,0,3.47233E+18,0,0,0,0,0,0,0,0,0,0,0,,,,,0,0,0,0,0,0,0,0,0,,,,,,,,0,3.0035E+12,3,35,19,53,0,0,5577559603030419=2705              8300,,,83,0,F5,0,00N,N,,,,,,,,,,,,,0,0,0,0,0,0,0,0,0,,,,,,,0,N,,N,N,,,,,,,,,,,,,,,0,0,0,0,0,0,,,,,,,0,,0,0,47:00.0,10:51.6,,NULL,NULL
DR,2.12643E+17,1,UGAR,UAT1,SCB,S1GCR6944,UAT1,SCB,5.57756E+15,111,1,R,31,210,0,1,5,2.12643E+17,2.12643E+17,2.12643E+17,260416,144730,37,260416,0,0,0,0,0,0,6453,30,0,9E+21,,,,,,,,,,40,1,11,4680370104,0,4051348374,0,213,65768.5,65768.5,111000000,221,5,T,T,0,HITACHI ADM2 XP,0,#,,5H,0,0,0,,0,764,0,0,34723282.96,0,0,0,0,0,0,0,3.47233E+18,0,0,0,P,0,0,0,0,0,0,0,,,,,0,0,0,0,0,0,0,0,0,,,,,,,,0,3.0035E+12,3,35,19,53,111,111,5577559603030419=2705000000000000008300,0,0,83,0,T5,2,21N,N,,,,,,,,,,,,,0,0,0,0,0,0,0,0,0,,,,,,,0,N,,N,Y,,,,,,,,,,,,,,,0,0,0,0,0,0,,,,,,,0,,0,0,47:30.0,10:51.6,1,NULL,NULL
DR,2.12643E+17,2,UAAA,UAT1,SCB,S1A365316,UAT1,SCB,5.57756E+15,111,1,N,31,210,0,1,3,2.12643E+17,0,0,260416,144814,32,260416,0,0,0,0,0,0,2003,22,0,9E+21,,,,,,,,,,31,0,41,0,0,0,0,0,0,0,0,0,5,F,F,1,NCR S6622E XP,SCB,บ ป,],H,0,0,0,0,0,764,0,0,34723282.96,0,0,0,0,0,0,0,3.47233E+18,0,0,0,0,0,0,0,0,0,0,0,,,,,0,0,0,0,0,0,0,0,0,,,,,,,,0,7.04019E+14,704,193,433,0,0,0,5577559603030419=2705              8300,,,83,0,F5,0,00N,N,,,,,,,,,,,,,0,0,0,0,0,0,0,0,0,,,,,,,0,N,,N,N,,,,,,,,,,,,,,,0,0,0,0,0,0,,,,,,,0,,0,0,48:14.0,10:51.7,,NULL,NULL
DR,2.12643E+17,1,UAAA,UAT1,SCB,S1A365316,UAT1,SCB,5.57756E+15,111,1,N,31,210,0,1,5,2.12643E+17,2.12643E+17,2.12643E+17,260416,144844,74,260416,0,0,0,0,0,0,2004,22,0,9E+21,,,,,,,,,,40,1,11,4680370104,0,4051348374,0,127.99,65640.51,65640.51,111000000,222,5,T,T,0,NCR S6622E XP,0,บ ป,],H,0,0,0,,0,764,0,0,34723282.96,0,0,0,0,0,0,0,3.47233E+18,0,0,0,P,0,0,0,0,0,0,0,,,,,0,0,0,0,0,0,0,0,0,,,,,,,,0,7.04019E+14,704,193,433,0,111,111,5577559603030419=2705000000000000008300,0,0,83,0,T5,2,22N,N,,,,,,,,,,,,,0,0,0,0,0,0,0,0,0,,,,,,,0,N,,N,Y,,,,,,,,,,,,,,,0,0,0,0,0,0,,,,,,,0,,0,0,48:44.0,10:51.7,1,NULL,NULL
DR,2.12643E+17,1,UGAA,UAT1,SCB,B100009B014B2219,UAT1,SCB,1010000071,5013,0,N,31,220,0,5,1,0,0,0,260416,145348,0,260416,0,0,0,0,0,0,18,50,0,1.4E+12,,,,,,,,,,49,0,0,,0,1010000071,0,102,0,0,0,0,0,0,0,0,???????????????,ORFT-COUNTER SCB,0,0,0,14,22,14,1.40002E+14,0,764,140,200.0000417,0,14,2,417501,0,0,417,501,CB      000000000,0,0,A,P,0,0,0,0,0,0,0,,,,,5E+13,50,0,0,0,0,0,0,00000000000000000000N0,,,,,,,,0,0,0,0,0,0,0,0,5895999999999990=1299ORFT-COUNTER S8507,ORFT-COU,NTER S,85,7,0,0,00N,N,,,,,,,,,,,,,0,0,0,0,0,0,0,0,0,,,,,,,0,N,,N,N,,,,,,,,,,,,,,,0,0,0,0,0,0,,,,,,,0,,0,0,53:48.0,10:51.6,,NULL,NULL
DR,2.12643E+17,2,UGAA,UAT1,SCB,B100009B014B2219,UAT1,SCB,1010000071,5013,0,N,31,110,0,5,7,2.12643E+17,2.12643E+17,2.12643E+17,260416,150526,0,260416,0,0,0,0,0,260416,19,50,0,1.40015E+20,,,,,,,,,,39,0,0,,0,1010000071,0,103,0,0,0,0,0,0,0,0,???????????????,ORFT-COUNTER STEST_P00,32111    0000,0,0,14,0,0,1.4E+14,526040.41,764,140,200.0000415,0,14,2,415002,0,0,415,2,TEST_P0032111,0,0,A,P,307857,0,0,0,0,0,0,,,,,1.4E+13,14,0,0,0,0,0,0,00000000000000000000N0,,,,,,,,0,0,0,0,0,0,0,0,5895999999999990=1299ORFT-COUNTER S8507,ORFT-COU,NTER S,85,7,0,0,00N,N,,,,,,,,,,,,,0,0,0,0,0,0,0,0,0,,,,,,,0,N,,N,N,,,,,,,,,,,,,,,0,0,0,0,0,0,,,,,,,0,,0,0,05:26.0,10:51.6,,NULL,NULL
DR,2.12643E+17,1,UGAA,UAT1,SCB,B100009B014B2219,UAT1,SCB,1010000071,5013,0,N,31,220,0,5,1,0,0,0,260416,150756,0,260416,0,0,0,0,0,0,20,50,0,1.4E+12,,,,,,,,,,49,0,0,,0,1010000071,0,103,0,0,0,0,0,0,0,0,???????????????,ORFT-COUNTER SCB,0,0,0,14,22,14,1.40002E+14,0,764,140,200.0000415,0,14,2,415002,0,0,415,2,CB      000000000,0,0,A,P,0,0,0,0,0,0,0,,,,,5E+13,50,0,0,0,0,0,0,00000000000000000000N0,,,,,,,,0,0,0,0,0,0,0,0,5895999999999990=1299ORFT-COUNTER S8507,ORFT-COU,NTER S,85,7,0,0,00N,N,,,,,,,,,,,,,0,0,0,0,0,0,0,0,0,,,,,,,0,N,,N,N,,,,,,,,,,,,,,,0,0,0,0,0,0,,,,,,,0,,0,0,07:56.0,10:51.6,,NULL,NULL
DR,2.12643E+17,2,UAAA,UAT1,SCB,S1A365316,UAT1,SCB,5.57756E+15,111,1,N,31,210,0,1,3,2.12643E+17,0,0,260416,151740,53,260416,0,0,0,0,0,0,2005,22,0,9E+21,,,,,,,,,,31,0,41,0,0,0,0,0,0,0,0,0,5,F,F,1,NCR S6622E XP,SCB,บ ป,],H,0,0,0,0,0,764,0,0,34723282.96,0,0,0,0,0,0,0,3.47233E+18,0,0,0,0,0,0,0,0,0,0,0,,,,,0,0,0,0,0,0,0,0,0,,,,,,,,0,7.04019E+14,704,193,433,0,0,0,5577557613021154=2708              4500,,,45,0,F5,0,00N,N,,,,,,,,,,,,,0,0,0,0,0,0,0,0,0,,,,,,,0,N,,N,N,,,,,,,,,,,,,,,0,0,0,0,0,0,,,,,,,0,,0,0,17:40.0,10:51.7,,NULL,NULL
DR,2.12643E+17,1,UAAA,UAT1,SCB,S1A365316,UAT1,SCB,5.57756E+15,111,1,N,31,210,0,1,3,2.12643E+17,0,0,260416,151743,97,260416,0,0,0,0,0,0,2006,22,0,9E+21,,,,,,,,,,10,0,0,0,0,0,2,500,0,0,0,2,5,T,T,53,NCR S6622E XP,0,บ ป,],H,0,0,0,,0,764,0,0,34723282.96,0,0,0,0,0,0,0,3.47233E+18,0,0,0,0,0,0,0,0,0,0,0,,,,,0,0,0,0,0,0,0,0,0,,,,,,,,0,7.04019E+14,704,193,433,0,0,0,5577557613021154=2708000000000000004500,0,0,45,0,T5,0,02N,N,,,,,,,,,,,,,0,0,0,0,0,0,0,0,0,,,,,,,0,N,,N,N,,,,,,,,,,,,,,,0,0,0,0,0,0,,,,,,,0,,0,0,17:43.0,10:51.7,1,NULL,NULL
DR,2.12643E+17,1,UAAA,UAT1,SCB,S1A365316,UAT1,SCB,5.57756E+15,111,1,N,31,210,0,1,5,2.12643E+17,2.12643E+17,2.12643E+17,260416,151753,99,260416,0,0,0,0,0,0,2007,22,0,9E+21,,,,,,,,,,10,11,0,3612841379,0,0,2,500,7581.02,7581.02,0,3,5,T,T,0,NCR S6622E XP,0,บ ป,],H,0,0,0,,0,764,0,0,34723282.96,0,0,0,0,0,0,0,3.47233E+18,0,0,0,P,0,0,0,0,0,0,0,,,,,0,0,0,0,0,0,0,0,0,,,,,,,,0,7.04019E+14,704,193,433,0,361,,5577557613021154=2708000000000000004500,0,0,45,0,T5,0,03N,N,,,,,,,,,,,,,0,0,0,0,0,0,0,0,0,,,,,,,0,N,,N,Y,,,,,,,,,,,,,,,0,0,0,0,0,0,,,,,,,0,,0,0,17:53.0,10:51.7,1,NULL,NULL
DR,2.12643E+17,2,UAAA,UAT1,SCB,S1A365316,UAT1,SCB,5.57756E+15,111,1,N,31,210,0,1,3,2.12643E+17,0,0,260416,151840,4,260416,0,0,0,0,0,0,2008,22,0,9E+21,,,,,,,,,,31,0,41,0,0,0,0,0,0,0,0,0,5,F,F,1,NCR S6622E XP,SCB,บ ผ,],H,0,0,0,0,0,764,0,0,34723282.96,0,0,0,0,0,0,0,3.47233E+18,0,0,0,0,0,0,0,0,0,0,0,,,,,0,0,0,0,0,0,0,0,0,,,,,,,,0,7.04019E+14,704,194,433,0,0,0,5577557613021154=2708              4500,,,45,0,F5,0,00N,N,,,,,,,,,,,,,0,0,0,0,0,0,0,0,0,,,,,,,0,N,,N,N,,,,,,,,,,,,,,,0,0,0,0,0,0,,,,,,,0,,0,0,18:40.0,10:51.7,,NULL,NULL
DR,2.12643E+17,2,UAAA,UAT1,SCB,S1A365316,UAT1,SCB,5.57756E+15,111,1,N,31,210,0,1,5,2.12643E+17,2.12643E+17,2.12643E+17,260416,151846,87,260416,0,0,0,0,0,0,2009,22,0,9E+21,,,,,,,,,,30,1,0,4680585571,0,0,0,0,1000011.25,1000011.25,0,4,5,T,T,0,NCR S6622E XP,0,บ ผ,],H,0,0,0,,0,764,0,0,34723282.96,0,0,0,0,0,0,0,3.47233E+18,0,0,0,P,0,0,0,0,0,0,0,,,,,0,0,0,0,0,0,0,0,0,,,,,,,,0,7.04019E+14,704,194,433,0,111,,5577557613021154=2708000000000000004500,0,0,45,0,T5,0,04N,N,,,,,,,,,,,,,0,0,0,0,0,0,0,0,0,,,,,,,0,N,,N,Y,,,,,,,,,,,,,,,0,0,0,0,0,0,,,,,,,0,,0,0,18:46.0,10:51.7,1,NULL,NULL
DR,2.12643E+17,2,UAAA,UAT1,SCB,S1A365316,UAT1,SCB,5.57755E+15,111,1,N,31,210,0,1,3,2.12643E+17,0,0,260416,151919,30,260416,0,0,0,0,0,0,2010,22,0,9E+21,,,,,,,,,,31,0,41,0,0,0,0,0,0,0,0,0,5,F,F,1,NCR S6622E XP,SCB,บ ผ,],H,0,0,0,0,0,764,0,0,34723282.96,0,0,0,0,0,0,0,3.47233E+18,0,0,0,0,0,0,0,0,0,0,0,,,,,0,0,0,0,0,0,0,0,0,,,,,,,,0,7.04019E+14,704,194,433,0,0,0,5577550116023108=3008              1600,,,16,0,F5,0,00N,N,,,,,,,,,,,,,0,0,0,0,0,0,0,0,0,,,,,,,0,N,,N,N,,,,,,,,,,,,,,,0,0,0,0,0,0,,,,,,,0,,0,0,19:19.0,10:51.7,,NULL,NULL
DR,2.12643E+17,2,UAAA,UAT1,SCB,S1A365316,UAT1,SCB,5.57755E+15,111,1,N,31,210,0,1,5,2.12643E+17,2.12643E+17,2.12643E+17,260416,151923,12,260416,0,0,0,0,0,0,2011,22,0,9E+21,,,,,,,,,,30,11,0,5492111116,0,0,0,0,459427.44,459427.44,0,2765,5,T,T,0,NCR S6622E XP,0,บ ผ,],H,0,0,0,,0,764,0,0,34723282.96,0,0,0,0,0,0,0,3.47233E+18,0,0,0,P,0,0,0,0,0,0,0,,,,,0,0,0,0,0,0,0,0,0,,,,,,,,0,7.04019E+14,704,194,433,0,549,,5577550116023108=3008000000000000001600,0,0,16,0,T5,27,65N,N,,,,,,,,,,,,,0,0,0,0,0,0,0,0,0,,,,,,,0,N,,N,Y,,,,,,,,,,,,,,,0,0,0,0,0,0,,,,,,,0,,0,0,19:23.0,10:51.7,1,NULL,NULL
DR,2.12643E+17,2,UAAA,UAT1,SCB,S1A365316,UAT1,SCB,5.57755E+15,111,1,N,31,110,0,1,5,2.12643E+17,2.12643E+17,2.12643E+17,260416,151933,34,260416,0,0,0,0,0,0,2012,22,0,9E+21,,,,,,,,,,39,0,42,5492111116,0,0,0,0,0,0,0,2766,5,T,T,0,NCR S6622E XP,0,บ ผ,],H,0,0,0,0,0,764,0,0.0001,0,0,0,1000000,0,1,0,0,,0,0,A,P,0,0,0,0,0,0,0,,,,,000000000000  00,0,0,,,0,0,0,00000000000000000000N0,,,,,,,,0,7.04019E+14,704,194,433,0,0,0,5577550116023108=3008000000000000001600,0,0,16,0,T5,27,66N,N,,,,,,,,,,,,,0,0,0,0,0,0,0,0,0,,,,,,,0,N,,N,Y,,,,,,,,,,,,,,,0,0,0,0,0,0,,,,,,,0,,0,0,19:33.0,10:51.7,,NULL,NULL
DR,2.12643E+17,2,UGAA,UAT1,SCB,B100009B014B2219,UAT1,SCB,1010000071,5013,0,N,31,110,11,5,6,2.12643E+17,0,0,260416,151946,0,260416,0,0,0,0,0,260416,21,50,0,1.40015E+20,,,,,,,,,,39,0,0,,0,1010000071,0,104,0,0,0,0,0,0,0,72,???????????????,ORFT-COUNTER SCB,0,0,0,14,22,14,1.40002E+14,0,764,140,0,0,14,2,,0,0,0,0,CB      000000000,0,0,A,P,0,0,0,0,0,0,0,,,,,5E+13,50,0,0,0,0,0,0,00000000000000000000N0,,,,,,,,0,0,0,0,0,0,0,0,5895999999999990=1299ORFT-COUNTER S8507,ORFT-COU,NTER S,85,7,0,0,00N,N,,,,,,,,,,,,,0,0,0,0,0,0,0,0,0,,,,,,,0,N,,N,N,,,,,,,,,,,,,,,0,0,0,0,0,0,,,,,,,0,,0,0,19:46.0,10:51.6,,NULL,NULL
DR,2.12643E+17,2,UAAA,UAT1,SCB,S1A365316,UAT1,SCB,5.57755E+15,111,1,N,31,110,0,1,5,2.12643E+17,2.12643E+17,2.12643E+17,260416,151949,38,260416,0,0,0,0,0,0,2013,22,0,9E+21,,,,,,,,,,39,0,42,5492111116,0,,0,0,0,0,0,2767,5,T,T,0,NCR S6622E XP,0,บ ผ,],H,0,0,0,0,0,764,0,0.0001,0,0,0,1000000,0,1,0,0,,0,0,A,P,0,0,0,0,0,0,0,,,,,000000000000  00,0,0,,,0,0,0,00000000000000000000N0,,,,,,,,0,7.04019E+14,704,194,433,0,0,0,5577550116023108=3008000000000000001600,0,0,16,0,T5,27,67N,N,,,,,,,,,,,,,0,0,0,0,0,0,0,0,0,,,,,,,0,N,,N,Y,,,,,,,,,,,,,,,0,0,0,0,0,0,,,,,,,0,,0,0,19:49.0,10:51.7,,NULL,NULL
DR,2.12643E+17,2,UGAA,UAT1,SCB,B100009B014B2219,UAT1,SCB,1010000071,5013,0,N,31,110,0,5,7,2.12643E+17,2.12643E+17,2.12643E+17,260416,152003,0,260416,0,0,0,0,0,260416,22,50,0,1.40015E+20,,,,,,,,,,39,0,0,,0,1010000071,0,104,0,0,0,0,0,0,0,0,???????????????,ORFT-COUNTER STEST_P00,32111    0000,0,0,14,0,0,1.4E+14,3040.41,764,140,200.0000418,0,14,2,418001,0,0,418,1,TEST_P0032111,0,0,A,P,768297,0,0,0,0,0,0,,,,,1.4E+13,14,0,0,0,0,0,0,00000000000000000000N0,,,,,,,,0,0,0,0,0,0,0,0,5895999999999990=1299ORFT-COUNTER S8507,ORFT-COU,NTER S,85,7,0,0,00N,N,,,,,,,,,,,,,0,0,0,0,0,0,0,0,0,,,,,,,0,N,,N,N,,,,,,,,,,,,,,,0,0,0,0,0,0,,,,,,,0,,0,0,20:03.0,10:51.6,,NULL,NULL
DR,2.12643E+17,2,UGAA,UAT1,SCB,B100009B014B2219,UAT1,SCB,10100000071,5013,0,N,31,110,11,5,6,2.12643E+17,0,0,260416,152025,0,260416,0,0,0,0,0,260416,23,50,0,1.40015E+20,,,,,,,,,,39,0,0,,0,10100000071,0,104,0,0,0,0,0,0,0,72,???????????????,ORFT-COUNTER SCB,0,0,0,14,22,14,1.40002E+14,0,764,140,0,0,14,2,,0,0,0,0,CB      000000000,0,0,A,P,0,0,0,0,0,0,0,,,,,5E+13,50,0,0,0,0,0,0,00000000000000000000N0,,,,,,,,0,0,0,0,0,0,0,0,5895999999999990=1299ORFT-COUNTER S8507,ORFT-COU,NTER S,85,7,0,0,00N,N,,,,,,,,,,,,,0,0,0,0,0,0,0,0,0,,,,,,,0,N,,N,N,,,,,,,,,,,,,,,0,0,0,0,0,0,,,,,,,0,,0,0,20:25.0,10:51.6,,NULL,NULL
DR,2.12643E+17,2,UAAA,UAT1,SCB,S1A365316,UAT1,SCB,5.57755E+15,111,1,N,31,110,0,1,5,2.12643E+17,2.12643E+17,2.12643E+17,260416,152032,80,260416,0,0,0,0,0,0,2014,22,0,9E+21,,,,,,,,,,39,11,11,5492111116,0,4210198087,0,10000,0,0,1000000,2768,5,T,T,0,NCR S6622E XP,00000000000000TESTONE,CARDO    บ ผ,],H,0,0,0,0,0,764,141,0,0,14,14,00000 000000,0,0,0,0,TESTONE CARDO,0,0,0,P,0,0,0,0,0,0,0,,,,,0,0,0,0,0,0,0,0,00000000000000000000N0,,,,,,,,0,7.04019E+14,704,194,433,0,549,1,5577550116023108=3008000000000000001600,0,0,16,0,T5,27,68N,N,,,,,,,,,,,,,0,0,0,0,0,0,0,0,0,,,,,,,0,N,,N,Y,,,,,,,,,,,,,,,0,0,0,0,0,0,,,,,,,0,,0,0,20:32.0,10:51.7,,NULL,NULL
DR,2.12643E+17,1,UAAA,UAT1,SCB,S1A365316,UAT1,SCB,5.57755E+15,111,1,N,31,210,0,1,5,2.12643E+17,2.12643E+17,2.12643E+17,260416,152032,80,260416,0,0,0,0,0,0,2015,22,0,9E+21,,,,,,,,,,49,11,11,5492111116,0,4210198087,0,10000,449427.44,449427.44,1000000,2769,5,T,T,0,NCR S6622E XP,00000000000000นาย ทดสอ,บหนึ่ง บับ ผ,],H,0,0,0,0,0,764,141,0,0,14,14,00000 000000,0,0,0,0,นาย ทดสอบหนึ่ง บั,0,0,0,P,0,0,0,0,0,0,0,,,,,10000010,0,10,0,0,1,1,0,00000000000000000000N0,,,,,,,,0,7.04019E+14,704,194,433,0,549,1,5577550116023108=3008000000000000001600,0,0,16,0,T5,27,69N,N,,,,,,,,,,,,,0,0,0,0,0,0,0,0,0,,,,,,,0,N,,N,Y,,,,,,,,,,,,,,,0,0,0,0,0,0,,,,,,,0,,0,0,20:32.0,10:51.7,,NULL,NULL
DR,2.12643E+17,2,UGAA,UAT1,SCB,B100009B014B2219,UAT1,SCB,10100000071,5013,0,N,31,110,0,5,7,2.12643E+17,2.12643E+17,2.12643E+17,260416,152042,0,260416,0,0,0,0,0,260416,24,50,0,1.40015E+20,,,,,,,,,,39,0,0,,0,10100000071,0,104,0,0,0,0,0,0,0,57,???????????????,ORFT-COUNTER S,0,0,0,14,22,14,1.40002E+14,42040.41,764,140,200.0000418,0,14,2,418002,0,0,418,2,,0,0,A,P,,0,0,0,0,0,0,,,,,5E+13,50,0,0,0,0,0,0,00000000000000000000N0,,,,,,,,0,0,0,0,0,0,0,0,5895999999999990=1299ORFT-COUNTER S8507,ORFT-COU,NTER S,85,7,0,0,00N,N,,,,,,,,,,,,,0,0,0,0,0,0,0,0,0,,,,,,,0,N,,N,N,,,,,,,,,,,,,,,0,0,0,0,0,0,,,,,,,0,,0,0,20:42.0,10:51.6,,NULL,NULL
DR,2.12643E+17,2,UGAA,UAT1,SCB,B100009B014B2219,UAT1,SCB,10100000071,5013,0,N,31,110,0,5,7,2.12643E+17,2.12643E+17,2.12643E+17,260416,152045,0,260416,0,0,0,0,0,260416,25,50,0,1.40015E+20,,,,,,,,,,39,0,0,,0,10100000071,0,104,0,0,0,0,0,0,0,57,???????????????,ORFT-COUNTER S,0,0,0,14,22,14,1.40002E+14,45040.41,764,140,200.0000418,0,14,2,418501,0,0,418,501,,0,0,A,P,,0,0,0,0,0,0,,,,,5E+13,50,0,0,0,0,0,0,00000000000000000000N0,,,,,,,,0,0,0,0,0,0,0,0,5895999999999990=1299ORFT-COUNTER S8507,ORFT-COU,NTER S,85,7,0,0,00N,N,,,,,,,,,,,,,0,0,0,0,0,0,0,0,0,,,,,,,0,N,,N,N,,,,,,,,,,,,,,,0,0,0,0,0,0,,,,,,,0,,0,0,20:45.0,10:51.6,,NULL,NULL
DR,2.12643E+17,2,UGAA,UAT1,SCB,B100009B014B2219,UAT1,SCB,10100000071,5013,0,N,31,110,0,5,7,2.12643E+17,2.12643E+17,2.12643E+17,260416,152046,0,260416,0,0,0,0,0,260416,26,50,0,1.40015E+20,,,,,,,,,,39,0,0,,0,10100000071,0,104,0,0,0,0,0,0,0,57,???????????????,ORFT-COUNTER S,0,0,0,14,22,14,1.40002E+14,46040.41,764,140,200.0000419,0,14,2,419001,0,0,419,1,,0,0,A,P,,0,0,0,0,0,0,,,,,5E+13,50,0,0,0,0,0,0,00000000000000000000N0,,,,,,,,0,0,0,0,0,0,0,0,5895999999999990=1299ORFT-COUNTER S8507,ORFT-COU,NTER S,85,7,0,0,00N,N,,,,,,,,,,,,,0,0,0,0,0,0,0,0,0,,,,,,,0,N,,N,N,,,,,,,,,,,,,,,0,0,0,0,0,0,,,,,,,0,,0,0,20:46.0,10:51.6,,NULL,NULL
DR,2.12643E+17,2,UGAA,UAT1,SCB,B100009B014B2219,UAT1,SCB,1010000071,5013,0,N,31,110,0,5,7,2.12643E+17,2.12643E+17,2.12643E+17,260416,152141,0,260416,0,0,0,0,0,260416,27,50,0,1.40015E+20,,,,,,,,,,39,0,0,,0,1010000071,0,104,0,0,0,0,0,0,0,0,???????????????,ORFT-COUNTER STEST_P00,32111    0000,0,0,14,0,0,1.4E+14,141040.41,764,140,200.0000419,0,14,2,419501,0,0,419,501,TEST_P0032111,0,0,A,P,575345,0,0,0,0,0,0,,,,,1.4E+13,14,0,0,0,0,0,0,00000000000000000000N0,,,,,,,,0,0,0,0,0,0,0,0,5895999999999990=1299ORFT-COUNTER S8507,ORFT-COU,NTER S,85,7,0,0,00N,N,,,,,,,,,,,,,0,0,0,0,0,0,0,0,0,,,,,,,0,N,,N,N,,,,,,,,,,,,,,,0,0,0,0,0,0,,,,,,,0,,0,0,21:41.0,10:51.6,,NULL,NULL
DR,2.12643E+17,1,UGAA,UAT1,SCB,B100009B014B2219,UAT1,SCB,1010000071,5013,0,N,31,220,0,5,1,0,0,0,260416,152505,0,260416,0,0,0,0,0,0,28,50,0,1.4E+12,,,,,,,,,,49,0,0,,0,1010000071,0,104,0,0,0,0,0,0,0,0,???????????????,ORFT-COUNTER SCB,0,0,0,14,22,14,1.40002E+14,0,764,140,200.0000419,0,14,2,419501,0,0,419,501,CB      000000000,0,0,A,P,0,0,0,0,0,0,0,,,,,5E+13,50,0,0,0,0,0,0,00000000000000000000N0,,,,,,,,0,0,0,0,0,0,0,0,5895999999999990=1299ORFT-COUNTER S8507,ORFT-COU,NTER S,85,7,0,0,00N,N,,,,,,,,,,,,,0,0,0,0,0,0,0,0,0,,,,,,,0,N,,N,N,,,,,,,,,,,,,,,0,0,0,0,0,0,,,,,,,0,,0,0,25:05.0,10:51.6,,NULL,NULL
DR,2.12643E+17,2,UGAA,UAT1,SCB,B100009B014B2219,UAT1,SCB,1010000071,5013,0,N,31,110,0,5,7,2.12643E+17,2.12643E+17,2.12643E+17,260416,153544,0,260416,0,0,0,0,0,260416,29,50,0,1.40015E+20,,,,,,,,,,39,0,0,,0,1010000071,0,105,0,0,0,0,0,0,0,0,???????????????,ORFT-COUNTER STEST_P00,32111    0000,0,0,14,0,0,1.4E+14,544040.41,764,140,200.0000412,0,14,2,412503,0,0,412,503,TEST_P0032111,0,0,A,P,808584,0,0,0,0,0,0,,,,,1.4E+13,14,0,0,0,0,0,0,00000000000000000000N0,,,,,,,,0,0,0,0,0,0,0,0,5895999999999990=1299ORFT-COUNTER S8507,ORFT-COU,NTER S,85,7,0,0,00N,N,,,,,,,,,,,,,0,0,0,0,0,0,0,0,0,,,,,,,0,N,,N,N,,,,,,,,,,,,,,,0,0,0,0,0,0,,,,,,,0,,0,0,35:44.0,10:51.6,,NULL,NULL
DR,2.12643E+17,2,UGAA,UAT1,SCB,B100009B014B2219,UAT1,SCB,1010000071,5013,0,N,31,110,0,5,7,2.12643E+17,2.12643E+17,2.12643E+17,260416,153548,0,260416,0,0,0,0,0,260416,30,50,0,1.40015E+20,,,,,,,,,,39,0,0,,0,1010000071,0,100000,0,0,0,0,0,0,0,0,???????????????,ORFT-COUNTER STEST_P00,32111    0000,0,0,33.6,0,0,3.36E+14,548040.41,764,140,200.000042,0,14,2,420001,0,0,420,1,TEST_P0032111,0,0,A,P,622395,0,0,0,0,0,0,,,,,3.36E+13,33.6,0,0,0,0,0,0,00000000000000000000N0,,,,,,,,0,0,0,0,0,0,0,0,5895999999999990=1299ORFT-COUNTER S8507,ORFT-COU,NTER S,85,7,0,0,00N,N,,,,,,,,,,,,,0,0,0,0,0,0,0,0,0,,,,,,,0,N,,N,N,,,,,,,,,,,,,,,0,0,0,0,0,0,,,,,,,0,,0,0,35:48.0,10:51.6,,NULL,NULL
DR,2.12643E+17,1,UGAA,UAT1,SCB,B100009B014B2219,UAT1,SCB,1010000071,5013,0,N,31,220,0,5,1,0,0,0,260416,153728,0,260416,0,0,0,0,0,0,31,50,0,1.4E+12,,,,,,,,,,49,0,0,,0,1010000071,0,100000,0,0,0,0,0,0,0,0,???????????????,ORFT-COUNTER SCB,0,0,0,33.6,52.8,33.6,3.36005E+14,0,764,140,200.000042,0,14,2,420001,0,0,420,1,CB      000000000,0,0,A,P,0,0,0,0,0,0,0,,,,,1.2E+14,120,0,0,0,0,0,0,00000000000000000000N0,,,,,,,,0,0,0,0,0,0,0,0,5895999999999990=1299ORFT-COUNTER S8507,ORFT-COU,NTER S,85,7,0,0,00N,N,,,,,,,,,,,,,0,0,0,0,0,0,0,0,0,,,,,,,0,N,,N,N,,,,,,,,,,,,,,,0,0,0,0,0,0,,,,,,,0,,0,0,37:28.0,10:51.6,,NULL,NULL
DR,2.12643E+17,2,UGAA,ITMX,TSCO,TB13B067B102P050,UAT1,TSCO,9.90067E+15,102,1,N,31,110,0,7,5,2.12643E+17,2.12643E+17,2.12643E+17,260416,154922,0,260416,260416,26,416,4,16,0,2981,30,0,6.7E+12,,,,,,,,,,39,11,11,0,0,3612797619,0,11000,0,0,361000000,687,5,T,T,0,0,TSCO          TESTFISU,AT,0,H,10,18,7,1.00002E+14,922040,764,671,400.0000421,0,67,14,421501,0,0,421,501,TESTFISUAT,0,0,A,P,0,0,0,0,0,0,0,,,,,3.5E+13,35,0,0,0,0,0,0,014104346830670400  N,,,,,,,,0,0,0,0,0,0,0,361,9900670600041828=3006TSCO          0000,TSCO,,0,0,T5,6,87N,N,,,,,,,,,,,,,0,0,0,0,0,0,0,0,0,,,,,,,0,N,,N,N,,,,,,,,,,,,,,,0,0,0,0,0,0,,,,,,,0,,0,0,49:22.0,10:51.6,,NULL,NULL
DR,2.12643E+17,1,UGAA,ITMX,TSCO,TB13B067B102P050,UAT1,TSCO,9.90067E+15,102,1,N,31,220,0,7,7,2.12643E+17,0,0,260416,154928,0,260416,260416,26,416,4,16,0,2982,30,0,6.7E+12,,,,,,,,,,49,11,11,1.18211E+12,0,3612797619,0,11000,0,0,0,999999,5,C,C,0,0,TSCO          TESTFISU,AT,0,H,10,18,7,1.00002E+14,928040,764,671,400.0000421,0,67,14,421501,0,0,421,501,TESTFISUAT,0,V    00000000,A,,0,0,0,0,0,0,0,,,,,3.5E+13,35,0,0,0,0,0,0,000000000140670400  N,,,,,,,,0,0,0,0,0,0,0,361,9900670600041828=3006TSCO          0000,TSCO,,0,0,C5,9999,99N,N,,,,,,,,,,,,,0,0,0,0,0,0,0,0,0,,,,,,,0,N,,N,N,,,,,,,,,,,,,,,0,0,0,0,0,0,,,,,,,0,,0,0,49:28.0,10:51.6,,NULL,NULL
DR,2.12643E+17,2,UGAA,UAT1,SCB,B100009B014B2219,UAT1,SCB,1010000071,5013,0,N,31,110,0,5,7,2.12643E+17,2.12643E+17,2.12643E+17,260416,155707,0,260416,0,0,0,0,0,260416,32,50,0,1.40016E+20,,,,,,,,,,39,0,0,,0,1010000071,0,100000,0,0,0,0,0,0,0,0,???????????????,ORFT-COUNTER STEST_P00,32111    0000,0,0,33.6,0,0,3.36E+14,707040.41,764,140,200.0000418,0,14,2,418502,0,0,418,502,TEST_P0032111,0,0,A,P,601234,0,0,0,0,0,0,,,,,3.36E+13,33.6,0,0,0,0,0,0,00000000000000000000N0,,,,,,,,0,0,0,0,0,0,0,0,5895999999999990=1299ORFT-COUNTER S8507,ORFT-COU,NTER S,85,7,0,0,00N,N,,,,,,,,,,,,,0,0,0,0,0,0,0,0,0,,,,,,,0,N,,N,N,,,,,,,,,,,,,,,0,0,0,0,0,0,,,,,,,0,,0,0,57:07.0,10:51.6,,NULL,NULL
DR,2.12643E+17,2,UGAA,UAT1,SCB,B100009B014B2219,UAT1,SCB,1010000071,5013,0,N,31,110,0,5,7,2.12643E+17,2.12643E+17,2.12643E+17,260416,155839,0,260416,0,0,0,0,0,260416,33,50,0,1.40016E+20,,,,,,,,,,39,0,0,,0,1010000071,0,100000,0,0,0,0,0,0,0,0,???????????????,ORFT-COUNTER STEST_P00,32111    0000,0,0,33.6,0,0,3.36E+14,839040.41,764,140,200.0000422,0,14,2,422001,0,0,422,1,TEST_P0032111,0,0,A,P,593235,0,0,0,0,0,0,,,,,3.36E+13,33.6,0,0,0,0,0,0,00000000000000000000N0,,,,,,,,0,0,0,0,0,0,0,0,5895999999999990=1299ORFT-COUNTER S8507,ORFT-COU,NTER S,85,7,0,0,00N,N,,,,,,,,,,,,,0,0,0,0,0,0,0,0,0,,,,,,,0,N,,N,N,,,,,,,,,,,,,,,0,0,0,0,0,0,,,,,,,0,,0,0,58:39.0,10:51.6,,NULL,NULL
DR,2.12643E+17,1,UGAA,UAT1,SCB,B100009B014B2219,UAT1,SCB,1010000071,5013,0,N,31,220,0,5,1,0,0,0,260416,155917,0,260416,0,0,0,0,0,0,34,50,0,1.4E+12,,,,,,,,,,49,0,0,,0,1010000071,0,100000,0,0,0,0,0,0,0,0,???????????????,ORFT-COUNTER SCB,0,0,0,33.6,52.8,33.6,3.36005E+14,0,764,140,200.0000422,0,14,2,422001,0,0,422,1,CB      000000000,0,0,A,P,0,0,0,0,0,0,0,,,,,1.2E+14,120,0,0,0,0,0,0,00000000000000000000N0,,,,,,,,0,0,0,0,0,0,0,0,5895999999999990=1299ORFT-COUNTER S8507,ORFT-COU,NTER S,85,7,0,0,00N,N,,,,,,,,,,,,,0,0,0,0,0,0,0,0,0,,,,,,,0,N,,N,N,,,,,,,,,,,,,,,0,0,0,0,0,0,,,,,,,0,,0,0,59:17.0,10:51.6,,NULL,NULL
DR,2.12643E+17,2,UAAA,UAT1,SCB,S1A365316,UAT1,SCB,5.57756E+15,111,1,N,31,210,0,1,3,2.12643E+17,0,0,260416,155925,68,260416,0,0,0,0,0,0,2016,22,0,9E+21,,,,,,,,,,31,0,41,0,0,0,0,0,0,0,0,0,5,F,F,1,NCR S6622E XP,SCB,บ ผ,],H,0,0,0,0,0,764,0,0,34723282.96,0,0,0,0,0,0,0,3.47233E+18,0,0,0,0,0,0,0,0,0,0,0,,,,,0,0,0,0,0,0,0,0,0,,,,,,,,0,7.04019E+14,704,194,433,0,0,0,5577557613021154=2708              4500,,,45,0,F5,0,00N,N,,,,,,,,,,,,,0,0,0,0,0,0,0,0,0,,,,,,,0,N,,N,N,,,,,,,,,,,,,,,0,0,0,0,0,0,,,,,,,0,,0,0,59:25.0,10:51.7,,NULL,NULL
DR,2.12643E+17,1,UAAA,UAT1,SCB,S1A365316,UAT1,SCB,5.57756E+15,111,1,N,31,210,0,1,5,2.12643E+17,2.12643E+17,2.12643E+17,260416,155939,32,260416,0,0,0,0,0,0,2017,22,0,9E+21,,,,,,,,,,40,11,1,3612841379,0,4680585571,0,390,7191.02,7191.02,111000000,5,5,T,T,0,NCR S6622E XP,0,PHUKET   บ ผ,],H,0,0,0,,0,764,0,0,34723282.96,0,0,0,0,0,0,0,3.47233E+18,0,0,0,P,0,0,0,0,0,0,0,,,,,0,0,0,0,0,0,0,0,0,,,,,,,,0,7.04019E+14,704,194,433,0,361,111,5577557613021154=2708000000000000004500,0,0,45,0,T5,0,05N,N,,,,,,,,,,,,,0,0,0,0,0,0,0,0,0,,,,,,,0,N,,N,Y,,,,,,,,,,,,,,,0,0,0,0,0,0,,,,,,,0,,0,0,59:39.0,10:51.7,1,NULL,NULL
DR,2.12643E+17,2,UAAR,UAT1,SCB,S1ACR6914,UAT1,SCB,5.57756E+15,507,507,R,31,210,0,1,3,2.12643E+17,0,0,260416,160041,27,260416,0,0,0,0,0,0,5886,30,0,9E+21,,,,,,,,,,31,0,41,0,0,0,0,0,0,0,0,0,5,F,F,1,3IN1 DIEBOLD,SIAM COMERCIAL,+,ข,H,0,0,0,0,0,764,0,0,34723282.96,0,0,0,0,0,0,0,3.47233E+18,0,0,0,0,0,0,0,0,0,0,0,,,,,0,0,0,0,0,0,0,0,0,,,,,,,,0,4301620015,0,43,162,15,0,0,5577557613021154=2708              4500,,,45,0,F5,0,00N,N,,,,,,,,,,,,,0,0,0,0,0,0,0,0,0,,,,,,,0,N,,N,N,,,,,,,,,,,,,,,0,0,0,0,0,0,,,,,,,0,,0,0,00:41.0,10:51.7,,NULL,NULL
DR,2.12643E+17,1,UAAR,UAT1,SCB,S1ACR6914,UAT1,SCB,5.57756E+15,507,507,R,31,210,0,1,5,2.12643E+17,2.12643E+17,2.12643E+17,260416,160051,0,260416,0,0,0,0,0,0,5887,30,0,9E+21,,,,,,,,,,40,11,1,3612841379,0,4680585571,0,250,6941.02,6941.02,111000000,7,5,T,T,0,3IN1 DIEBOLD,00000000000000 BANK,BANGKOK     +,ข,H,0,0,0,,0,764,0,0,34723282.96,0,0,0,0,0,0,0,3.47233E+18,0,0,0,P,0,0,0,0,0,0,0,,,,,10000010,0,10,0,0,1,1,0,0,,,,,,,,0,4301620015,0,43,162,15,361,111,5577557613021154=2708000000000000004500,0,0,45,0,T5,0,07N,N,,,,,,,,,,,,,0,0,0,0,0,0,0,0,0,,,,,,,0,N,,N,Y,,,,,,,,,,,,,,,0,0,0,0,0,0,,,,,,,0,,0,0,00:51.0,10:51.7,1,NULL,NULL
DR,2.12643E+17,2,UGAV,UAT1,SCB,S1GVT6102,UAT1,SCB,5.57756E+15,111,1,R,31,210,0,1,3,2.12643E+17,0,0,260416,160218,66,260416,0,0,0,0,0,0,221,22,0,9E+21,,,,,,,,,,31,0,41,0,0,0,0,0,0,0,0,0,5,F,F,1,NCR S6622 XP,SCB,,,H,0,0,0,0,0,764,0,0,34723282.96,0,0,0,0,0,0,0,3.47233E+18,0,0,0,0,0,0,0,0,0,0,0,,,,,0,0,0,0,0,0,0,0,0,,,,,,,,0,2.10009E+13,21,9,22,0,0,0,5577557613021154=2708              4500,,,45,0,F5,0,00N,N,,,,,,,,,,,,,2.10009E+21,21,9,22,0,0,0,0,0,,,,,,,0,N,,N,N,,,,,,,,,,,,,,,0,0,0,0,0,0,,,,,,,0,,0,0,02:18.0,10:51.6,,NULL,NULL
DR,2.12643E+17,1,UGAV,UAT1,SCB,S1GVT6102,UAT1,SCB,5.57756E+15,111,1,R,31,210,0,1,5,2.12643E+17,2.12643E+17,2.12643E+17,260416,160234,8,260416,0,0,0,0,0,0,222,22,0,9E+21,,,,,,,,,,40,11,1,3612841379,0,4680585571,0,300,6641.02,6641.02,111000000,8,5,T,T,0,NCR S6622 XP,0,CHIANGMAI,,H,0,0,0,,0,764,0,0,34723282.96,0,0,0,0,0,0,0,3.47233E+18,0,0,0,P,0,0,0,0,0,0,0,,,,,0,0,0,0,0,0,0,0,0,,,,,,,,0,2.10009E+13,21,9,22,0,361,111,5577557613021154=2708000000000000004500,0,0,45,0,T5,0,08N,N,,,,,,,,,,,,,2.10009E+21,21,9,22,0,0,0,0,0,,,,,,,0,N,,N,Y,,,,,,,,,,,,,,,0,0,0,0,0,0,,,,,,,0,,0,0,02:34.0,10:51.6,1,NULL,NULL
DR,2.12643E+17,2,UGAA,UAT1,SCB,S1G36A513,UAT1,SCB,5.57756E+15,501,501,N,31,210,0,1,3,2.12643E+17,0,0,260416,160453,87,260416,0,0,0,0,0,0,60,30,0,9E+21,,,,,,,,,,31,0,41,0,0,0,0,0,0,0,0,0,5,F,F,1,DIEBOLD 510/560 XP,SIAM COMERCIAL,i :,W,sH,0,0,0,0,0,764,0,0,34723282.96,0,0,0,0,0,0,0,3.47233E+18,0,0,0,0,0,0,0,0,0,0,0,,,,,0,0,0,0,0,0,0,0,0,,,,,,,,0,1.05006E+14,105,58,87,115,0,0,5577557613021139=2708              4500,,,45,0,F5,0,00N,N,,,,,,,,,,,,,0,0,0,0,0,0,0,0,0,,,,,,,0,N,,N,N,,,,,,,,,,,,,,,0,0,0,0,0,0,,,,,,,0,,0,0,04:53.0,10:51.6,,NULL,NULL
DR,2.12643E+17,1,UGAA,UAT1,SCB,S1G36A513,UAT1,SCB,5.57756E+15,501,501,N,31,210,0,1,5,2.12643E+17,2.12643E+17,2.12643E+17,260416,160519,57,260416,0,0,0,0,0,0,61,30,0,9E+21,,,,,,,,,,10,11,0,3612841696,0,0,0,1600,481383.25,481383.25,0,600,5,T,T,0,DIEBOLD 510/560 XP,0,i :,W,sH,0,0,0,,0,764,0,0,34723282.96,0,0,0,0,0,0,0,3.47233E+18,0,0,0,P,0,0,0,0,0,0,0,,,,,0,0,0,0,0,0,0,0,0,,,,,,,,0,1.05006E+14,105,58,87,115,501,,5577557613021139=2708000000000000004500,0,0,45,0,T5,6,00N,N,,,,,,,,,,,,,0,0,0,0,0,0,0,0,0,,,,,,,0,N,,N,Y,,,,,,,,,,,,,,,0,0,0,0,0,0,,,,,,,0,,0,0,05:19.0,10:51.6,1,NULL,NULL
DR,2.12643E+17,1,UGAA,UAT1,SCB,S1G36A513,UAT1,SCB,5.57756E+15,501,501,N,31,420,0,1,5,2.12643E+17,2.12643E+17,2.12643E+17,260416,160519,57,260416,0,0,0,0,0,0,61,30,0,9E+21,,,,,,,,,,10,11,0,3612841696,0,0,0,1600,0,0,0,600,5,T,T,0,DIEBOLD 510/560 XP,0,i :,W,sH,0,0,0,,0,764,0,0,34723282.96,0,0,0,0,0,0,0,3.47233E+18,10,0,0,P,0,0,0,0,0,0,0,,,,,0,0,0,0,0,0,0,0,0,,,,,,,,0,1.05006E+14,105,58,87,115,501,,5577557613021139=2708000000000000004500,0,0,45,0,T5,6,00N,N,,,,,,,,,,,,,0,0,0,0,0,0,0,0,0,,,,,,,0,N,,N,Y,,,,,,,,,,,,,,,0,0,0,0,0,0,,,,,,,0,,0,0,05:19.0,10:51.6,1,NULL,NULL
DR,2.12643E+17,1,UAAA,UAT1,SCB,S1A365316,0,MDS,5.41333E+15,111,1,N,31,210,0,1,3,2.12643E+17,0,0,260416,160724,37,260416,0,0,0,0,0,0,2018,22,0,9E+21,,,,,,,,,,10,0,0,0,0,0,2,900,0,0,0,659,5,C,C,94,NCR S6622E XP,0,บ ผ,],H,0,0,0,,0,764,840,0,34723282.96,84,0U,SD0032345105,0,32,345,105,5E+24,0,0,0,P,0,0,0,0,0,0,0,,,,,3.5E+14,350,0,0,0,0,0,0,0,,,,,,,,0,7.04019E+14,704,194,433,0,0,0,5413330089010624=2512000000000000000000,0,0,0,0,C5,6,59N,N,,,,,,,,,,,,,0,0,0,0,0,0,0,0,0,,,,,,,0,N,,N,N,,,,,,,,,,,,,,,0,0,0,0,0,0,,,,,,,0,,0,0,07:24.0,10:51.7,1,NULL,NULL
DR,2.12643E+17,1,UAAA,UAT1,SCB,S1A365316,MDS,MDS,5.41333E+15,111,1,N,31,210,0,1,7,2.12643E+17,2.12643E+17,2.12643E+17,260416,160740,20,260416,0,0,0,0,0,260416,2019,22,0,9.76407E+21,,,,,,,,,,10,0,0,0,0,0,2,900,0,0,0,660,5,C,C,1,NCR S6622E XP,SIAM COMMERCIAL BANK,PHUKET   บ ผ,],H,0,0,0,,0,764,840,32.3451,38.65,84,0U,SD0032345105,0,32,345,105,5E+24,0,FB6D8C0CBC52C494,0,P,23461,0,0,0,0,0,0,,,,,3.5E+14,350,0,0,0,0,0,0,0,,,,,,,,0,7.04019E+14,704,194,433,0,0,0,5413330089010624=2512SIAM COMMERCIA0000,SIAM COM,MERCIA,0,0,0,550,DCC,N,,,,,,,,,,,,,0,0,0,0,0,0,0,0,0,,,,,,,0,N,,N,N,,,,,,,,,,,,,,,0,0,0,0,0,0,,,,,,,0,,0,0,07:40.0,10:51.7,1,NULL,NULL
DR,2.12643E+17,2,UGAA,UAT1,SCB,S1G36A513,UAT1,SCB,5.57756E+15,501,501,N,31,210,0,1,3,2.12643E+17,0,0,260416,160747,94,260416,0,0,0,0,0,0,62,30,0,9E+21,,,,,,,,,,31,0,41,0,0,0,0,0,0,0,0,0,5,F,F,1,DIEBOLD 510/560 XP,SIAM COMERCIAL,i :,W,sH,0,0,0,0,0,764,0,0,34723282.96,0,0,0,0,0,0,0,3.47233E+18,0,0,0,0,0,0,0,0,0,0,0,,,,,0,0,0,0,0,0,0,0,0,,,,,,,,0,1.05006E+14,105,58,87,115,0,0,5577557613021139=2708              4500,,,45,0,F5,0,00N,N,,,,,,,,,,,,,0,0,0,0,0,0,0,0,0,,,,,,,0,N,,N,N,,,,,,,,,,,,,,,0,0,0,0,0,0,,,,,,,0,,0,0,07:47.0,10:51.6,,NULL,NULL
DR,2.12643E+17,1,UAAA,UAT1,SCB,S1A365316,0,MDS,5.41333E+15,111,1,N,31,210,0,1,3,2.12643E+17,0,0,260416,160858,30,260416,0,0,0,0,0,0,2020,22,0,9E+21,,,,,,,,,,10,31,0,0,,0,0,500,0,0,0,661,5,C,C,94,NCR S6622E XP,0,ฝ ๏,],H,0,0,0,,0,764,840,0,34723282.96,84,0U,SD0032345105,0,32,345,105,5E+24,0,0,0,P,0,0,0,0,0,0,0,,,,,3.5E+14,350,0,0,0,0,0,0,0,,,,,,,,0,7.0802E+14,708,195,433,0,0,0,5413330089010624=2512000000000000000000,0,0,0,0,C5,6,61N,N,,,,,,,,,,,,,0,0,0,0,0,0,0,0,0,,,,,,,0,N,,N,N,,,,,,,,,,,,,,,0,0,0,0,0,0,,,,,,,0,,0,0,08:58.0,10:51.7,1,NULL,NULL
DR,2.12643E+17,1,UAAA,UAT1,SCB,S1A365316,MDS,MDS,5.41333E+15,111,1,N,31,210,0,1,7,2.12643E+17,2.12643E+17,2.12643E+17,260416,160917,52,260416,0,0,0,0,0,260416,2021,22,0,9.76407E+21,,,,,,,,,,10,31,0,0,0,0,0,500,0,0,0,662,5,C,C,1,NCR S6622E XP,SIAM COMMERCIAL BANK,PHUKET   ฝ ๏,],H,0,0,0,,0,764,840,32.3451,26.28,84,0U,SD0032345105,0,32,345,105,5E+24,0,D93D8B5A0AC92326,0,P,23752,0,0,0,0,0,0,,,,,3.5E+14,350,0,0,0,0,0,0,0,,,,,,,,0,7.0802E+14,708,195,433,0,0,0,5413330089010624=2512SIAM COMMERCIA0000,SIAM COM,MERCIA,0,0,0,550,DCC,N,,,,,,,,,,,,,0,0,0,0,0,0,0,0,0,,,,,,,0,N,,N,N,,,,,,,,,,,,,,,0,0,0,0,0,0,,,,,,,0,,0,0,09:17.0,10:51.7,1,NULL,NULL
DR,2.12643E+17,2,UGAA,UAT1,SCB,S1G365329,UAT1,SCB,5.57756E+15,501,501,N,31,210,0,1,3,2.12643E+17,0,0,260416,160917,37,260416,0,0,0,0,0,0,5963,30,0,9E+21,,,,,,,,,,31,0,41,0,0,0,0,0,0,0,0,0,5,F,F,1,DIEBOLD 510/560 XP,SIAM COMERCIAL,๒ ,ห,HH,0,0,0,0,0,764,0,0,34723282.96,0,0,0,0,0,0,0,3.47233E+18,0,0,0,0,0,0,0,0,0,0,0,,,,,0,0,0,0,0,0,0,0,0,,,,,,,,0,2.18014E+14,218,140,212,72,0,0,5577557613021154=2708              4500,,,45,0,F5,0,00N,N,,,,,,,,,,,,,0,0,0,0,0,0,0,0,0,,,,,,,0,N,,N,N,,,,,,,,,,,,,,,0,0,0,0,0,0,,,,,,,0,,0,0,09:17.0,10:51.6,,NULL,NULL
DR,2.12643E+17,1,UGAA,UAT1,SCB,S1G365329,UAT1,SCB,5.57756E+15,501,501,N,31,210,0,1,5,2.12643E+17,2.12643E+17,2.12643E+17,260416,160930,4,260416,0,0,0,0,0,0,5964,30,0,9E+21,,,,,,,,,,40,1,11,4680585571,0,3612841379,0,200,1000741.25,1000741.25,361000000,9,5,T,T,0,DIEBOLD 510/560 XP,0,๒ ,ห,HH,0,0,0,,0,764,0,0,34723282.96,0,0,0,0,0,0,0,3.47233E+18,0,0,0,P,0,0,0,0,0,0,0,,,,,1E+13,10,10,0,0,1,1,0,0,,,,,,,,0,2.18014E+14,218,140,212,72,111,361,5577557613021154=2708000000000000004500,0,0,45,0,T5,0,09N,N,,,,,,,,,,,,,0,0,0,0,0,0,0,0,0,,,,,,,0,N,,N,Y,,,,,,,,,,,,,,,0,0,0,0,0,0,,,,,,,0,,0,0,09:30.0,10:51.6,1,NULL,NULL
DR,2.12643E+17,2,UAAR,UAT1,SCB,S1ACR6914,UAT1,SCB,5.57756E+15,507,507,R,31,210,0,1,3,2.12643E+17,0,0,260416,161004,96,260416,0,0,0,0,0,0,5888,30,0,9E+21,,,,,,,,,,31,0,41,0,0,0,0,0,0,0,0,0,5,F,F,1,3IN1 DIEBOLD,SIAM COMERCIAL,+,ข,H,0,0,0,0,0,764,0,0,34723282.96,0,0,0,0,0,0,0,3.47233E+18,0,0,0,0,0,0,0,0,0,0,0,,,,,0,0,0,0,0,0,0,0,0,,,,,,,,0,4301620015,0,43,162,15,0,0,5577557613021154=2708              4500,,,45,0,F5,0,00N,N,,,,,,,,,,,,,0,0,0,0,0,0,0,0,0,,,,,,,0,N,,N,N,,,,,,,,,,,,,,,0,0,0,0,0,0,,,,,,,0,,0,0,10:04.0,10:51.7,,NULL,NULL
DR,2.12643E+17,1,UAAR,UAT1,SCB,S1ACR6914,UAT1,SCB,5.57756E+15,507,507,R,31,210,0,1,5,2.12643E+17,2.12643E+17,2.12643E+17,260416,161015,93,260416,0,0,0,0,0,0,5889,30,0,9E+21,,,,,,,,,,40,1,11,4680585571,0,3612841379,0,300,1000431.25,1000431.25,361000000,10,5,T,T,0,3IN1 DIEBOLD,0,+,ข,H,0,0,0,,0,764,0,0,34723282.96,0,0,0,0,0,0,0,3.47233E+18,0,0,0,P,0,0,0,0,0,0,0,,,,,1E+13,10,10,0,0,1,1,0,0,,,,,,,,0,4301620015,0,43,162,15,111,361,5577557613021154=2708000000000000004500,0,0,45,0,T5,0,10N,N,,,,,,,,,,,,,0,0,0,0,0,0,0,0,0,,,,,,,0,N,,N,Y,,,,,,,,,,,,,,,0,0,0,0,0,0,,,,,,,0,,0,0,10:15.0,10:51.7,1,NULL,NULL
DR,2.12643E+17,1,UAAA,UAT1,SCB,S1A365316,0,MDS,6.8E+18,111,1,N,31,210,0,1,3,2.12643E+17,0,0,260416,161045,19,260416,0,0,0,0,0,0,2022,22,0,9E+21,,,,,,,,,,10,31,0,0,1,0,0,1000,0,0,0,39,5,C,C,93,NCR S6622E XP,0,ฝ ฝ,],H,0,0,0,,0,764,764,0,34723282.96,76,4T,HB0000000000,0,0,0,0,3.47233E+18,0,0,0,P,0,0,0,0,0,0,0,,,,,3.5E+14,350,0,0,0,0,0,0,0,,,,,,,,0,7.0802E+14,708,196,433,0,0,0,6799998900000200010=2000000000000000000,0,0,0,0,C5,0,39N,N,,,,,,,,,,,,,0,0,0,0,0,0,0,0,0,,,,,,,0,N,,N,N,,,,,,,,,,,,,,,0,0,0,0,0,0,,,,,,,0,,0,0,10:45.0,10:51.7,1,NULL,NULL
DR,2.12643E+17,1,UAAA,UAT1,SCB,S1A365316,MDS,MDS,6.8E+18,111,1,N,31,210,0,1,7,2.12643E+17,2.12643E+17,2.12643E+17,260416,161050,62,260416,0,0,0,0,0,260416,2023,22,0,9.76407E+21,,,,,,,,,,10,31,0,0,0,0,0,1000,0,0,0,39,5,C,C,1,NCR S6622E XP,SIAM COMMERCIAL BANK,PHUKET   ฝ ฝ,],H,0,0,0,,0,764,764,0,5902126431,76,40,0,0,0,0,0,5.90213E+20,0,E71036DCEA6C9DEE,0,P,68630,0,0,0,0,0,0,,,,,3.5E+14,350,0,0,0,0,0,0,0,,,,,,,,0,7.0802E+14,708,196,433,0,0,0,6799998900000200010=2SIAM COMMERCIA0000,SIAM COM,MERCIA,0,0,C5,0,39N,N,,,,,,,,,,,,,0,0,0,0,0,0,0,0,0,,,,,,,0,N,,N,N,,,,,,,,,,,,,,,0,0,0,0,0,0,,,,,,,0,,0,0,10:50.0,10:51.7,1,NULL,NULL
DR,2.12643E+17,2,UGAV,UAT1,SCB,S1GVT6102,UAT1,SCB,5.57756E+15,111,1,R,31,210,0,1,3,2.12643E+17,0,0,260416,161144,34,260416,0,0,0,0,0,0,223,22,0,9E+21,,,,,,,,,,31,0,41,0,0,0,0,0,0,0,0,0,5,F,F,1,NCR S6622 XP,SCB,,,H,0,0,0,0,0,764,0,0,34723282.96,0,0,0,0,0,0,0,3.47233E+18,0,0,0,0,0,0,0,0,0,0,0,,,,,0,0,0,0,0,0,0,0,0,,,,,,,,0,2.10009E+13,21,9,22,0,0,0,5577557613021154=2708              4500,,,45,0,F5,0,00N,N,,,,,,,,,,,,,2.10009E+21,21,9,22,0,0,0,0,0,,,,,,,0,N,,N,N,,,,,,,,,,,,,,,0,0,0,0,0,0,,,,,,,0,,0,0,11:44.0,10:51.6,,NULL,NULL
DR,2.12643E+17,1,UGAV,UAT1,SCB,S1GVT6102,UAT1,SCB,5.57756E+15,111,1,R,31,210,0,1,5,2.12643E+17,2.12643E+17,2.12643E+17,260416,161155,76,260416,0,0,0,0,0,0,224,22,0,9E+21,,,,,,,,,,40,1,11,4680585571,0,3612841379,0,100,1000331.25,1000331.25,361000000,11,5,T,T,0,NCR S6622 XP,0,,,H,0,0,0,,0,764,0,0,34723282.96,0,0,0,0,0,0,0,3.47233E+18,0,0,0,P,0,0,0,0,0,0,0,,,,,0,0,0,0,0,0,0,0,0,,,,,,,,0,2.10009E+13,21,9,22,0,111,361,5577557613021154=2708000000000000004500,0,0,45,0,T5,0,11N,N,,,,,,,,,,,,,2.10009E+21,21,9,22,0,0,0,0,0,,,,,,,0,N,,N,Y,,,,,,,,,,,,,,,0,0,0,0,0,0,,,,,,,0,,0,0,11:55.0,10:51.6,1,NULL,NULL
DR,2.12643E+17,2,UGAA,UAT1,SCB,S1G36A513,UAT1,SCB,5.57756E+15,501,501,N,31,210,0,1,3,2.12643E+17,0,0,260416,161401,7,260416,0,0,0,0,0,0,63,30,0,9E+21,,,,,,,,,,31,0,41,0,0,0,0,0,0,0,0,0,5,F,F,1,DIEBOLD 510/560 XP,SIAM COMERCIAL,i :,W,sH,0,0,0,0,0,764,0,0,34723282.96,0,0,0,0,0,0,0,3.47233E+18,0,0,0,0,0,0,0,0,0,0,0,,,,,0,0,0,0,0,0,0,0,0,,,,,,,,0,1.05006E+14,105,58,87,115,0,0,5577557613020065=2708              8300,,,83,0,F5,0,00N,N,,,,,,,,,,,,,0,0,0,0,0,0,0,0,0,,,,,,,0,N,,N,N,,,,,,,,,,,,,,,0,0,0,0,0,0,,,,,,,0,,0,0,14:01.0,10:51.6,,NULL,NULL
DR,2.12643E+17,1,UGAA,UAT1,SCB,S1G36A513,UAT1,SCB,5.57756E+15,501,501,N,31,210,0,1,5,2.12643E+17,2.12643E+17,2.12643E+17,260416,161407,35,260416,0,0,0,0,0,0,64,30,0,9E+21,,,,,,,,,,10,11,0,4310201285,0,0,2,500,941225.69,941225.69,0,818,5,T,T,0,DIEBOLD 510/560 XP,0,i :,W,sH,0,0,0,,0,764,0,0,34723282.96,0,0,0,0,0,0,0,3.47233E+18,0,0,0,P,0,0,1,50,0,0,0,,,,,1.5E+13,15,0,0,0,0,0,0,0,,,,,,,,0,1.05006E+14,105,58,87,115,111,,5577557613020065=2708000000000000008300,0,0,83,0,T5,8,18N,N,,,,,,,,,,,,,0,0,0,0,0,0,0,0,0,,,,,,,0,N,,N,Y,,,,,,,,,,,,,,,0,0,0,0,0,0,,,,,,,0,,0,0,14:07.0,10:51.6,1,NULL,NULL
DR,2.12643E+17,2,UGAA,UAT1,SCB,S1G36A513,UAT1,SCB,1.481E+13,501,501,N,31,210,0,1,3,2.12643E+17,0,0,260416,161452,57,260416,0,0,0,0,0,0,65,30,0,9E+21,,,,,,,,,,31,0,41,0,0,0,0,0,0,0,0,0,5,,,1,DIEBOLD 510/560 XP,SIAM COMERCIAL,i ;,W,sH,0,0,0,0,0,764,0,0,34723282.96,0,0,0,0,0,0,0,3.47233E+18,0,0,0,0,0,0,0,0,0,0,0,,,,,0,0,0,0,0,0,0,0,0,,,,,,,,0,1.05006E+14,105,59,87,115,0,0,0014810030910612=1299              0000,,,0,0,5,0,00N,N,,,,,,,,,,,,,0,0,0,0,0,0,0,0,0,,,,,,,0,N,,N,N,,,,,,,,,,,,,,,0,0,0,0,0,0,,,,,,,0,,0,0,14:52.0,10:51.6,,NULL,NULL
DR,2.12643E+17,1,UAAA,UAT1,SCB,S1A365316,0,MDS,5.41333E+15,111,1,N,31,210,0,1,3,2.12643E+17,0,0,260416,161620,93,260416,0,0,0,0,0,0,2024,22,0,9E+21,,,,,,,,,,10,31,0,0,1,0,0,100,0,0,0,2660,5,C,C,94,NCR S6622E XP,0,ฝ ฝ,ฏ,H,0,0,0,,0,764,840,0,34723282.96,84,0U,SD0032345105,0,32,345,105,5E+24,0,0,0,P,0,0,0,0,0,0,0,,,,,3.5E+14,350,0,0,0,0,0,0,0,,,,,,,,0,7.0802E+14,708,196,434,0,0,0,5413330089010699=2512000000000000000000,0,0,0,0,C5,26,60N,N,,,,,,,,,,,,,0,0,0,0,0,0,0,0,0,,,,,,,0,N,,N,N,,,,,,,,,,,,,,,0,0,0,0,0,0,,,,,,,0,,0,0,16:20.0,10:51.7,1,NULL,NULL
DR,2.12643E+17,1,UAAA,UAT1,SCB,S1A365316,0,MDS,2.2236E+15,111,1,N,31,210,0,1,3,2.12643E+17,0,0,260416,161832,96,260416,0,0,0,0,0,0,2025,22,0,9E+21,,,,,,,,,,10,31,0,0,0,0,0,200,0,0,0,39,5,C,C,93,NCR S6622E XP,0,ฝ ฝ,ฏ,H,0,0,0,,0,764,0,0,34723282.96,0,0,0,0,0,0,0,3.47233E+18,0,0,0,P,0,0,0,0,0,0,0,,,,,2E+13,20,0,0,0,0,0,0,0,,,,,,,,0,7.0802E+14,708,196,434,0,0,0,2223600089020329=2512000000000000000000,0,0,0,0,C5,0,39N,N,,,,,,,,,,,,,0,0,0,0,0,0,0,0,0,,,,,,,0,N,,N,N,,,,,,,,,,,,,,,0,0,0,0,0,0,,,,,,,0,,0,0,18:32.0,10:51.7,1,NULL,NULL
DR,2.12643E+17,1,UAAA,UAT1,SCB,S1A365316,MDS,MDS,2.2236E+15,111,1,N,31,210,0,1,7,2.12643E+17,2.12643E+17,2.12643E+17,260416,161838,38,260416,0,0,0,0,0,260416,2026,22,0,9.76407E+21,,,,,,,,,,10,31,0,0,0,0,0,200,0,0,0,39,5,C,C,1,NCR S6622E XP,SIAM COMMERCIAL BANK,PHUKET   ฝ ฝ,ฏ,H,0,0,0,,0,764,764,0,7202126431,76,40,0,0,0,0,0,7.20213E+20,0,EEF2EA52ED0E0A76,0,P,99753,0,0,0,0,0,0,,,,,2E+13,20,0,0,0,0,0,0,0,,,,,,,,0,7.0802E+14,708,196,434,0,0,0,2223600089020329=2512SIAM COMMERCIA0000,SIAM COM,MERCIA,0,0,C5,0,39N,N,,,,,,,,,,,,,0,0,0,0,0,0,0,0,0,,,,,,,0,N,,N,N,,,,,,,,,,,,,,,0,0,0,0,0,0,,,,,,,0,,0,0,18:38.0,10:51.7,1,NULL,NULL
DR,2.12643E+17,1,UAAR,UAT1,SCB,S1ACR6914,0,MDS,5.41333E+15,507,507,R,31,210,0,1,3,2.12643E+17,0,0,260416,162003,28,260416,0,0,0,0,0,0,5890,30,0,9E+21,,,,,,,,,,10,31,0,0,0,0,0,300,0,0,0,663,5,C,C,94,3IN1 DIEBOLD,0,+,ข,H,0,0,0,,0,764,840,0,34723282.96,84,0U,SD0032345105,0,32,345,105,5E+24,0,0,0,P,0,0,0,0,0,0,0,,,,,3.5E+14,350,0,0,0,0,0,0,0,,,,,,,,0,4301620015,0,43,162,15,0,0,5413330089010624=2512000000000000000000,0,0,0,0,C5,6,63N,N,,,,,,,,,,,,,0,0,0,0,0,0,0,0,0,,,,,,,0,N,,N,N,,,,,,,,,,,,,,,0,0,0,0,0,0,,,,,,,0,,0,0,20:03.0,10:51.7,1,NULL,NULL
DR,2.12643E+17,1,UAAR,UAT1,SCB,S1ACR6914,MDS,MDS,5.41333E+15,507,507,R,31,210,0,1,7,2.12643E+17,2.12643E+17,2.12643E+17,260416,162018,35,260416,0,0,0,0,0,260416,5891,30,0,9.76407E+21,,,,,,,,,,10,31,0,0,0,0,0,300,0,0,0,664,5,C,C,1,3IN1 DIEBOLD,SIAM COMMERCIAL BANK,BANGKOK     +,ข,H,0,0,0,,0,764,840,32.3451,20.1,84,0U,SD0032345105,0,32,345,105,5E+24,0,CCCBDD6C3027052F,0,P,36239,0,0,0,0,0,0,,,,,3.5E+14,350,0,0,0,0,0,0,0,,,,,,,,0,4301620015,0,43,162,15,0,0,5413330089010624=2512SIAM COMMERCIA0000,SIAM COM,MERCIA,0,0,0,550,DCC,N,,,,,,,,,,,,,0,0,0,0,0,0,0,0,0,,,,,,,0,N,,N,N,,,,,,,,,,,,,,,0,0,0,0,0,0,,,,,,,0,,0,0,20:18.0,10:51.7,1,NULL,NULL
DR,2.12643E+17,1,UAAR,UAT1,SCB,S1ACR6914,MDS,MDS,6.8E+18,507,507,R,31,210,0,1,7,2.12643E+17,2.12643E+17,2.12643E+17,260416,162155,39,260416,0,0,0,0,0,260416,5893,30,0,9.76407E+21,,,,,,,,,,10,31,0,0,0,0,0,100,0,0,0,39,5,C,C,1,3IN1 DIEBOLD,SIAM COMMERCIAL BANK,BANGKOK     +,ข,H,0,0,0,,0,764,764,0,6602126431,76,40,0,0,0,0,0,6.60213E+20,0,D406DD8533890175,0,P,39025,0,0,0,0,0,0,,,,,3.5E+14,350,0,0,0,0,0,0,0,,,,,,,,0,4301620018,0,43,162,18,0,0,6799998900000200010=2SIAM COMMERCIA0000,SIAM COM,MERCIA,0,0,C5,0,39N,N,,,,,,,,,,,,,0,0,0,0,0,0,0,0,0,,,,,,,0,N,,N,N,,,,,,,,,,,,,,,0,0,0,0,0,0,,,,,,,0,,0,0,21:55.0,10:51.7,1,NULL,NULL
DR,2.12643E+17,1,UAAR,UAT1,SCB,S1ACR6914,0,MDS,6.8E+18,507,507,R,31,210,0,1,3,2.12643E+17,0,0,260416,162155,39,260416,0,0,0,0,0,0,5892,30,0,9E+21,,,,,,,,,,10,31,0,0,1,0,0,100,0,0,0,39,5,C,C,93,3IN1 DIEBOLD,0,+,ข,H,0,0,0,,0,764,764,0,34723282.96,76,4T,HB0000000000,0,0,0,0,3.47233E+18,0,0,0,P,0,0,0,0,0,0,0,,,,,3.5E+14,350,0,0,0,0,0,0,0,,,,,,,,0,4301620018,0,43,162,18,0,0,6799998900000200010=2000000000000000000,0,0,0,0,C5,0,39N,N,,,,,,,,,,,,,0,0,0,0,0,0,0,0,0,,,,,,,0,N,,N,N,,,,,,,,,,,,,,,0,0,0,0,0,0,,,,,,,0,,0,0,21:55.0,10:51.7,1,NULL,NULL
DR,2.12643E+17,1,UAAR,UAT1,SCB,S1ACR6914,MDS,MDS,2.2236E+15,507,507,R,31,210,0,1,7,2.12643E+17,2.12643E+17,2.12643E+17,260416,162336,24,260416,0,0,0,0,0,260416,5895,30,0,9.76407E+21,,,,,,,,,,10,31,0,0,0,0,0,400,0,0,0,39,5,C,C,1,3IN1 DIEBOLD,SIAM COMMERCIAL BANK,BANGKOK     +,ข,H,0,0,0,,0,764,764,0,6102126431,76,40,0,0,0,0,0,6.10213E+20,0,6DC2D0E1B33963A6,0,P,70192,0,0,0,0,0,0,,,,,2E+13,20,0,0,0,0,0,0,0,,,,,,,,0,4301620019,0,43,162,19,0,0,2223600089020329=2512SIAM COMMERCIA0000,SIAM COM,MERCIA,0,0,C5,0,39N,N,,,,,,,,,,,,,0,0,0,0,0,0,0,0,0,,,,,,,0,N,,N,N,,,,,,,,,,,,,,,0,0,0,0,0,0,,,,,,,0,,0,0,23:36.0,10:51.7,1,NULL,NULL
DR,2.12643E+17,1,UAAR,UAT1,SCB,S1ACR6914,0,MDS,2.2236E+15,507,507,R,31,210,0,1,3,2.12643E+17,0,0,260416,162336,24,260416,0,0,0,0,0,0,5894,30,0,9E+21,,,,,,,,,,10,31,0,0,1,0,0,400,0,0,0,39,5,C,C,93,3IN1 DIEBOLD,0,+,ข,H,0,0,0,,0,764,0,0,34723282.96,0,0,0,0,0,0,0,3.47233E+18,0,0,0,P,0,0,0,0,0,0,0,,,,,2E+13,20,0,0,0,0,0,0,0,,,,,,,,0,4301620019,0,43,162,19,0,0,2223600089020329=2512000000000000000000,0,0,0,0,C5,0,39N,N,,,,,,,,,,,,,0,0,0,0,0,0,0,0,0,,,,,,,0,N,,N,N,,,,,,,,,,,,,,,0,0,0,0,0,0,,,,,,,0,,0,0,23:36.0,10:51.7,1,NULL,NULL
DR,2.12643E+17,1,UAAA,UAT1,SCB,S1A365316,0,VISA,4.76134E+15,111,1,N,31,210,0,1,3,2.12643E+17,0,0,260416,163139,32,260416,0,0,0,0,0,0,2027,22,0,9E+21,,,,,,,,,,10,31,0,0,1,0,0,500,0,0,0,1175,5,C,C,94,NCR S6622E XP,0,ฟ ฝ,ฏ,H,0,0,0,,0,764,756,0,34723282.96,75,6C,HF0034590605,0,34,590,605,5E+24,0,0,0,P,0,0,0,0,0,0,0,,,,,2.5E+14,250,0,0,0,0,0,0,0,,,,,,,,0,7.1002E+14,710,196,434,0,0,0,4761340000000068=0912000000000000000000,0,0,0,0,C5,11,75N,N,,,,,,,,,,,,,0,0,0,0,0,0,0,0,0,,,,,,,0,N,,N,N,,,,,,,,,,,,,,,0,0,0,0,0,0,,,,,,,0,,0,0,31:39.0,10:51.7,1,NULL,NULL
DR,2.12643E+17,1,UAAA,UAT1,SCB,S1A365316,VISA,VISA,4.76134E+15,111,1,N,31,210,0,1,7,2.12643E+17,2.12643E+17,2.12643E+17,260416,163153,95,260416,0,0,0,0,0,260416,2028,22,0,9E+21,,,,,,,,,,10,31,0,0,0,0,0,500,0,0,0,1175,5,C,C,0,NCR S6622E XP,SIAM COMMERCIAL BANK,BANGKOK  ฟ ฝ,ฏ,H,0,0,0,,0,764,756,34.5906,21.68,75,6C,HF0034590605,0,34,590,605,5E+24,0,CB64D8BB974799DF,0,P,30199,0,0,0,0,0,0,,,,,2.5E+14,250,0,0,0,0,0,0,0,,,,,,,,0,7.1002E+14,710,196,434,0,0,0,4761340000000068=0912SIAM COMMERCIA0000,SIAM COM,MERCIA,0,0,0,550,DCC,N,,,,,,,,,,,,,0,0,0,0,0,0,0,0,0,,,,,,,0,N,,N,N,,,,,,,,,,,,,,,0,0,0,0,0,0,,,,,,,0,,0,0,31:53.0,10:51.7,1,NULL,NULL
DR,2.12643E+17,1,UAAA,UAT1,SCB,S1A365316,0,VISA,4.05146E+15,111,1,N,31,210,0,1,3,2.12643E+17,0,0,260416,163304,65,260416,0,0,0,0,0,0,2029,22,0,9E+21,,,,,,,,,,10,31,0,0,1,0,0,1000,0,0,0,1302,5,C,C,93,NCR S6622E XP,0,ฟ พ,ฏ,H,0,0,0,,0,764,764,0,34723282.96,76,4T,HB0000000000,0,0,0,0,3.47233E+18,0,0,0,P,0,0,0,0,0,0,0,,,,,2.5E+14,250,0,0,0,0,0,0,0,,,,,,,,0,7.1002E+14,710,197,434,0,0,0,4051460000000188=2212000000000000000000,0,0,0,0,C5,13,02N,N,,,,,,,,,,,,,0,0,0,0,0,0,0,0,0,,,,,,,0,N,,N,N,,,,,,,,,,,,,,,0,0,0,0,0,0,,,,,,,0,,0,0,33:04.0,10:51.7,1,NULL,NULL
DR,2.12643E+17,1,UAAA,UAT1,SCB,S1A365316,VISA,VISA,4.05146E+15,111,1,N,31,210,0,1,7,2.12643E+17,2.12643E+17,2.12643E+17,260416,163307,66,260416,0,0,0,0,0,260417,2030,22,0,9E+21,,,,,,,,,,10,31,0,0,0,0,0,1000,28371.42,0,0,1302,5,C,C,0,NCR S6622E XP,SIAM COMMERCIAL BANK,BANGKOK  ฟ พ,ฏ,H,0,0,0,,0,764,764,0,34723282.96,76,40,0,0,0,0,0,3.47233E+18,0,E9FF6D1046B949A3,0,P,30440,0,0,0,0,0,0,,,,,2.5E+14,250,0,0,0,0,0,0,0,,,,,,,,0,7.1002E+14,710,197,434,0,0,0,4051460000000188=2212SIAM COMMERCIA0000,SIAM COM,MERCIA,0,0,C5,13,02N,N,,,,,,,,,,,,,0,0,0,0,0,0,0,0,0,,,,,,,0,N,,N,N,,,,,,,,,,,,,,,0,0,0,0,0,0,,,,,,,0,,0,0,33:07.0,10:51.7,1,NULL,NULL
DR,2.12643E+17,1,UAAA,UAT1,SCB,S1A365316,0,VISA,4.1237E+15,111,1,N,31,210,0,1,3,2.12643E+17,0,0,260416,163408,34,260416,0,0,0,0,0,0,2031,22,0,9E+21,,,,,,,,,,10,31,0,0,1,0,0,100,0,0,0,690,5,C,C,93,NCR S6622E XP,0,ฟ พ,ฐ,H,0,0,0,,0,764,0,0,34723282.96,0,0,0,0,0,0,0,3.47233E+18,0,0,0,P,0,0,0,0,0,0,0,,,,,2E+13,20,0,0,0,0,0,0,0,,,,,,,,0,7.1002E+14,710,197,435,0,0,0,4123700000000025=2212000000000000000000,0,0,0,0,C5,6,90N,N,,,,,,,,,,,,,0,0,0,0,0,0,0,0,0,,,,,,,0,N,,N,N,,,,,,,,,,,,,,,0,0,0,0,0,0,,,,,,,0,,0,0,34:08.0,10:51.7,1,NULL,NULL
DR,2.12643E+17,1,UAAA,UAT1,SCB,S1A365316,VISA,VISA,4.1237E+15,111,1,N,31,210,0,1,7,2.12643E+17,2.12643E+17,2.12643E+17,260416,163410,75,260416,0,0,0,0,0,260417,2032,22,0,9E+21,,,,,,,,,,10,31,0,0,0,0,0,100,28371.42,0,0,690,5,C,C,0,NCR S6622E XP,SIAM COMMERCIAL BANK,BANGKOK  ฟ พ,ฐ,H,0,0,0,,0,764,764,0,34723282.96,76,40,0,0,0,0,0,3.47233E+18,0,C1218EAF39893A63,0,P,30646,0,0,0,0,0,0,,,,,2E+13,20,0,0,0,0,0,0,0,,,,,,,,0,7.1002E+14,710,197,435,0,0,0,4123700000000025=2212SIAM COMMERCIA0000,SIAM COM,MERCIA,0,0,C5,6,90N,N,,,,,,,,,,,,,0,0,0,0,0,0,0,0,0,,,,,,,0,N,,N,N,,,,,,,,,,,,,,,0,0,0,0,0,0,,,,,,,0,,0,0,34:10.0,10:51.7,1,NULL,NULL
DR,2.12643E+17,1,UAAR,UAT1,SCB,S1ACR6914,VISA,VISA,4.76134E+15,507,507,R,31,210,0,1,7,2.12643E+17,2.12643E+17,2.12643E+17,260416,163602,3,260416,0,0,0,0,0,260417,5897,30,0,9E+21,,,,,,,,,,10,31,0,0,0,0,0,200,0,0,0,1176,5,C,C,0,3IN1 DIEBOLD,SIAM COMMERCIAL BANK,BANGKOK     +,ข,H,0,0,0,,0,764,756,34.5906,13.01,75,6C,HF0034590605,0,34,590,605,5E+24,0,D73A3C94254D782B,0,P,31028,0,0,0,0,0,0,,,,,2.5E+14,250,0,0,0,0,0,0,0,,,,,,,,0,4301620023,0,43,162,23,0,0,4761340000000068=0912SIAM COMMERCIA0000,SIAM COM,MERCIA,0,0,0,550,DCC,N,,,,,,,,,,,,,0,0,0,0,0,0,0,0,0,,,,,,,0,N,,N,N,,,,,,,,,,,,,,,0,0,0,0,0,0,,,,,,,0,,0,0,36:02.0,10:51.7,1,NULL,NULL
DR,2.12643E+17,1,UAAR,UAT1,SCB,S1ACR6914,0,VISA,4.76134E+15,507,507,R,31,210,0,1,3,2.12643E+17,0,0,260416,163602,3,260416,0,0,0,0,0,0,5896,30,0,9E+21,,,,,,,,,,10,31,0,0,1,0,0,200,0,0,0,1176,5,C,C,94,3IN1 DIEBOLD,0,+,ข,H,0,0,0,,0,764,756,0,34723282.96,75,6C,HF0034590605,0,34,590,605,5E+24,0,0,0,P,0,0,0,0,0,0,0,,,,,2.5E+14,250,0,0,0,0,0,0,0,,,,,,,,0,4301620023,0,43,162,23,0,0,4761340000000068=0912000000000000000000,0,0,0,0,C5,11,76N,N,,,,,,,,,,,,,0,0,0,0,0,0,0,0,0,,,,,,,0,N,,N,N,,,,,,,,,,,,,,,0,0,0,0,0,0,,,,,,,0,,0,0,36:02.0,10:51.7,1,NULL,NULL
DR,2.12643E+17,1,UAAR,UAT1,SCB,S1ACR6914,VISA,VISA,4.05146E+15,507,507,R,31,210,0,1,7,2.12643E+17,2.12643E+17,2.12643E+17,260416,163735,41,260416,0,0,0,0,0,260417,5899,30,0,9E+21,,,,,,,,,,10,31,0,0,0,0,0,400,28371.42,0,0,1304,5,C,C,0,3IN1 DIEBOLD,SIAM COMMERCIAL BANK,BANGKOK     +,ข,H,0,0,0,,0,764,764,0,34723282.96,76,40,0,0,0,0,0,3.47233E+18,0,DB76FCAEB8F71E8E,0,P,31335,0,0,0,0,0,0,,,,,2.5E+14,250,0,0,0,0,0,0,0,,,,,,,,0,4301620025,0,43,162,25,0,0,4051460000000188=2212SIAM COMMERCIA0000,SIAM COM,MERCIA,0,0,C5,13,04N,N,,,,,,,,,,,,,0,0,0,0,0,0,0,0,0,,,,,,,0,N,,N,N,,,,,,,,,,,,,,,0,0,0,0,0,0,,,,,,,0,,0,0,37:35.0,10:51.7,1,NULL,NULL
DR,2.12643E+17,1,UAAR,UAT1,SCB,S1ACR6914,0,VISA,4.05146E+15,507,507,R,31,210,0,1,3,2.12643E+17,0,0,260416,163735,41,260416,0,0,0,0,0,0,5898,30,0,9E+21,,,,,,,,,,10,31,0,0,1,0,0,400,0,0,0,1304,5,C,C,93,3IN1 DIEBOLD,0,+,ข,H,0,0,0,,0,764,764,0,34723282.96,76,4T,HB0000000000,0,0,0,0,3.47233E+18,0,0,0,P,0,0,0,0,0,0,0,,,,,2.5E+14,250,0,0,0,0,0,0,0,,,,,,,,0,4301620025,0,43,162,25,0,0,4051460000000188=2212000000000000000000,0,0,0,0,C5,13,04N,N,,,,,,,,,,,,,0,0,0,0,0,0,0,0,0,,,,,,,0,N,,N,N,,,,,,,,,,,,,,,0,0,0,0,0,0,,,,,,,0,,0,0,37:35.0,10:51.7,1,NULL,NULL
DR,2.12643E+17,1,UAAR,UAT1,SCB,S1ACR6914,VISA,VISA,4.1237E+15,507,507,R,31,210,0,1,7,2.12643E+17,2.12643E+17,2.12643E+17,260416,163852,57,260416,0,0,0,0,0,260417,5901,30,0,9E+21,,,,,,,,,,10,31,0,0,0,0,0,500,28371.42,0,0,691,5,C,C,0,3IN1 DIEBOLD,SIAM COMMERCIAL BANK,BANGKOK     +,ข,H,0,0,0,,0,764,764,0,34723282.96,76,40,0,0,0,0,0,3.47233E+18,0,84C279855CCCBE79,0,P,31574,0,0,0,0,0,0,,,,,2E+13,20,0,0,0,0,0,0,0,,,,,,,,0,4301620029,0,43,162,29,0,0,4123700000000025=2212SIAM COMMERCIA0000,SIAM COM,MERCIA,0,0,C5,6,91N,N,,,,,,,,,,,,,0,0,0,0,0,0,0,0,0,,,,,,,0,N,,N,N,,,,,,,,,,,,,,,0,0,0,0,0,0,,,,,,,0,,0,0,38:52.0,10:51.7,1,NULL,NULL
DR,2.12643E+17,1,UAAR,UAT1,SCB,S1ACR6914,0,VISA,4.1237E+15,507,507,R,31,210,0,1,3,2.12643E+17,0,0,260416,163852,57,260416,0,0,0,0,0,0,5900,30,0,9E+21,,,,,,,,,,10,31,0,0,1,0,0,500,0,0,0,691,5,C,C,93,3IN1 DIEBOLD,0,+,ข,H,0,0,0,,0,764,0,0,34723282.96,0,0,0,0,0,0,0,3.47233E+18,0,0,0,P,0,0,0,0,0,0,0,,,,,2E+13,20,0,0,0,0,0,0,0,,,,,,,,0,4301620029,0,43,162,29,0,0,4123700000000025=2212000000000000000000,0,0,0,0,C5,6,91N,N,,,,,,,,,,,,,0,0,0,0,0,0,0,0,0,,,,,,,0,N,,N,N,,,,,,,,,,,,,,,0,0,0,0,0,0,,,,,,,0,,0,0,38:52.0,10:51.7,1,NULL,NULL
DR,2.12643E+17,1,UAAA,UAT1,SCB,S1A165018,UAT1,MNLN,9.93014E+15,501,501,N,31,210,0,1,5,2.12643E+17,2.12643E+17,2.12643E+17,260416,164515,22,260416,0,0,0,0,0,0,6919,30,0,9E+21,,,,,,,,,,10,1,0,7E+11,0,0,0,1000,0,80545.57,0,60,5,T,T,0,ATM WINCOR,0,่ j,ฟ,H,0,0,0,,0,764,0,0,34723282.96,0,0,0,0,0,0,0,3.47233E+18,0,0,0,P,0,0,0,0,0,0,0,,,,,0,0,0,0,0,0,0,0,0,,,,,,,,0,2.47011E+14,247,106,198,0,111,,9930140000054031=2701000000000000002800,0,0,28,0,T5,0,60N,N,,,,,,,,,,,,,0,0,0,0,0,0,0,0,0,,,,,,,0,N,,N,Y,,,,,,,,,,,,,,,0,0,0,0,0,0,,,,,,,0,,0,0,45:15.0,10:51.7,1,NULL,NULL
DR,2.12643E+17,2,UAAA,UAT1,SCB,S1A365316,UAT1,SCB,5.57756E+15,111,1,N,31,210,0,1,3,2.12643E+17,0,0,260416,164537,15,260416,0,0,0,0,0,0,2033,22,0,9E+21,,,,,,,,,,31,0,41,0,1,0,0,0,0,0,0,0,5,F,F,1,NCR S6622E XP,SCB,ภ พ,ฐ,H,0,0,0,0,0,764,0,0,34723282.96,0,0,0,0,0,0,0,3.47233E+18,0,0,0,0,0,0,0,0,0,0,0,,,,,0,0,0,0,0,0,0,0,0,,,,,,,,0,7.1102E+14,711,197,435,0,0,0,5577557413671430=3008              8400,,,84,0,F5,0,00N,N,,,,,,,,,,,,,0,0,0,0,0,0,0,0,0,,,,,,,0,N,,N,N,,,,,,,,,,,,,,,0,0,0,0,0,0,,,,,,,0,,0,0,45:37.0,10:51.7,,NULL,NULL
DR,2.12643E+17,1,UAAA,UAT1,SCB,S1A365316,UAT1,SCB,5.57756E+15,111,1,N,31,210,0,1,5,2.12643E+17,2.12643E+17,2.12643E+17,260416,164548,78,260416,0,0,0,0,0,0,2034,22,0,9E+21,,,,,,,,,,10,11,0,4150140518,0,0,2,400,10000012575,10000012575,0,119,5,T,T,0,NCR S6622E XP,0,ภ พ,ฐ,H,0,0,0,,0,764,0,0,34723282.96,0,0,0,0,0,0,0,3.47233E+18,0,0,0,P,0,0,0,0,0,0,0,,,,,0,0,0,0,0,0,0,0,0,,,,,,,,0,7.1102E+14,711,197,435,0,111,,5577557413671430=3008000000000000008400,0,0,84,0,T5,1,19N,N,,,,,,,,,,,,,0,0,0,0,0,0,0,0,0,,,,,,,0,N,,N,Y,,,,,,,,,,,,,,,0,0,0,0,0,0,,,,,,,0,,0,0,45:48.0,10:51.7,1,NULL,NULL
DR,2.12643E+17,1,UGAR,UAT1,SCB,S1GCR6944,UAT1,MNLN,9.93014E+15,111,1,R,31,210,0,1,5,2.12643E+17,2.12643E+17,2.12643E+17,260416,164605,84,260416,0,0,0,0,0,0,6454,30,0,9E+21,,,,,,,,,,10,1,0,7E+11,0,0,0,200,0,0,0,61,5,T,T,56,HITACHI ADM2 XP,0,#,,5H,0,0,0,,0,764,0,0,34723282.96,0,0,0,0,0,0,0,3.47233E+18,0,0,0,P,0,0,0,0,0,0,0,,,,,0,0,0,0,0,0,0,0,0,,,,,,,,0,3.0035E+12,3,35,19,53,111,,9930140000054031=2701000000000000002800,0,0,28,0,T5,0,61N,N,,,,,,,,,,,,,0,0,0,0,0,0,0,0,0,,,,,,,0,N,,N,Y,,,,,,,,,,,,,,,0,0,0,0,0,0,,,,,,,0,,0,0,46:05.0,10:51.6,1,NULL,NULL
DR,2.12643E+17,2,UAAA,UAT1,SCB,S1A365316,UAT1,SCB,5.57755E+15,111,1,N,31,210,0,1,3,2.12643E+17,0,0,260416,164948,65,260416,0,0,0,0,0,0,2035,22,0,9E+21,,,,,,,,,,31,0,41,0,1,0,0,0,0,0,0,0,5,F,F,1,NCR S6622E XP,SCB,ร พ,ฐ,H,0,0,0,0,0,764,0,0,34723282.96,0,0,0,0,0,0,0,3.47233E+18,0,0,0,0,0,0,0,0,0,0,0,,,,,0,0,0,0,0,0,0,0,0,,,,,,,,0,7.1502E+14,715,197,435,0,0,0,5577550116023108=3008              1600,,,16,0,F5,0,00N,N,,,,,,,,,,,,,0,0,0,0,0,0,0,0,0,,,,,,,0,N,,N,N,,,,,,,,,,,,,,,0,0,0,0,0,0,,,,,,,0,,0,0,49:48.0,10:51.7,,NULL,NULL
DR,2.12643E+17,2,UAAA,UAT1,SCB,S1A365316,UAT1,SCB,5.57755E+15,111,1,N,31,210,0,1,5,2.12643E+17,2.12643E+17,2.12643E+17,260416,164954,7,260416,0,0,0,0,0,0,2036,22,0,9E+21,,,,,,,,,,30,11,0,5492111116,0,0,0,0,449427.44,449427.44,0,2770,5,T,T,0,NCR S6622E XP,0,ร พ,ฐ,H,0,0,0,,0,764,0,0,34723282.96,0,0,0,0,0,0,0,3.47233E+18,0,0,0,P,0,0,0,0,0,0,0,,,,,0,0,0,0,0,0,0,0,0,,,,,,,,0,7.1502E+14,715,197,435,0,549,,5577550116023108=3008000000000000001600,0,0,16,0,T5,27,70N,N,,,,,,,,,,,,,0,0,0,0,0,0,0,0,0,,,,,,,0,N,,N,Y,,,,,,,,,,,,,,,0,0,0,0,0,0,,,,,,,0,,0,0,49:54.0,10:51.7,1,NULL,NULL
DR,2.12643E+17,2,UAAA,UAT1,SCB,S1A365316,UAT1,SCB,5.57755E+15,111,1,N,31,110,0,1,5,2.12643E+17,2.12643E+17,2.12643E+17,260416,165004,9,260416,0,0,0,0,0,0,2037,22,0,9E+21,,,,,,,,,,39,0,42,5492111116,0,0,0,0,0,0,0,2771,5,T,T,0,NCR S6622E XP,0,ร พ,ฐ,H,0,0,0,0,0,764,0,0,0,0,0,0,0,0,0,0,,0,0,A,P,0,0,0,0,0,0,0,,,,,000000000000  00,0,0,,,0,0,0,00000000000000000000N0,,,,,,,,0,7.1502E+14,715,197,435,0,0,0,5577550116023108=3008000000000000001600,0,0,16,0,T5,27,71N,N,,,,,,,,,,,,,0,0,0,0,0,0,0,0,0,,,,,,,0,N,,N,Y,,,,,,,,,,,,,,,0,0,0,0,0,0,,,,,,,0,,0,0,50:04.0,10:51.7,,NULL,NULL
DR,2.12643E+17,2,UAAA,UAT1,SCB,S1A365316,UAT1,SCB,5.57755E+15,111,1,N,31,110,0,1,5,2.12643E+17,2.12643E+17,2.12643E+17,260416,165018,92,260416,0,0,0,0,0,0,2038,22,0,9E+21,,,,,,,,,,39,11,11,5492111116,0,4210199156,0,20000,0,0,1000000,2772,5,T,T,0,NCR S6622E XP,00000000000000TESTTWO,CARDT    ร พ,ฐ,H,0,0,0,0,0,764,141,400,0,14,14,0,0,0,0,0,TESTTWO CARDT,0,0,0,P,0,0,0,0,0,0,0,,,,,1E+13,10,10,0,0,0,0,0,00000000000000000000N0,,,,,,,,0,7.1502E+14,715,197,435,0,549,1,5577550116023108=3008000000000000001600,0,0,16,0,T5,27,72N,N,,,,,,,,,,,,,0,0,0,0,0,0,0,0,0,,,,,,,0,N,,N,Y,,,,,,,,,,,,,,,0,0,0,0,0,0,,,,,,,0,,0,0,50:18.0,10:51.7,,NULL,NULL
DR,2.12643E+17,1,UAAA,UAT1,SCB,S1A365316,UAT1,SCB,5.57755E+15,111,1,N,31,210,0,1,5,2.12643E+17,2.12643E+17,2.12643E+17,260416,165018,92,260416,0,0,0,0,0,0,2039,22,0,9E+21,,,,,,,,,,49,11,11,5492111116,0,4210199156,0,20000,429417.44,429417.44,1000000,2773,5,T,T,0,NCR S6622E XP,00000000000000นาย ทดสอ,บสอง บัตรร พ,ฐ,H,0,0,0,0,0,764,141,400,0,14,14,0,0,0,0,0,นาย ทดสอบสอง บัตร,0,0,0,P,0,0,0,0,0,0,0,,,,,1E+13,10,10,0,0,1,1,0,00000000000000000000N0,,,,,,,,0,7.1502E+14,715,197,435,0,549,1,5577550116023108=3008000000000000001600,0,0,16,0,T5,27,73N,N,,,,,,,,,,,,,0,0,0,0,0,0,0,0,0,,,,,,,0,N,,N,Y,,,,,,,,,,,,,,,0,0,0,0,0,0,,,,,,,0,,0,0,50:18.0,10:51.7,,NULL,NULL
DR,2.12643E+17,2,UGAA,UAT1,SCB,B100004B014B0050,UAT1,SCB,1010000071,989,0,N,31,110,0,5,7,2.12643E+17,2.12643E+17,2.12643E+17,260416,165434,0,260416,0,0,0,0,0,260416,37,50,0,1.40017E+20,,,,,,,,,,39,0,0,,0,1010000071,0,10000,0,0,0,0,0,0,0,0,??????????????????????,ORFT-COUNTER STEST_P00,32111    0000,0,0,14,0,0,1.4E+14,434040.41,764,140,200.0000412,0,14,2,412002,0,0,412,2,TEST_P0032111,0,0,A,P,15832,0,0,0,0,0,0,,,,,1.4E+13,14,0,0,0,0,0,0,00000000000000000000N0,,,,,,,,0,0,0,0,0,0,0,0,5895999999999990=1299ORFT-COUNTER S8507,ORFT-COU,NTER S,85,7,0,0,00N,N,,,,,,,,,,,,,0,0,0,0,0,0,0,0,0,,,,,,,0,N,,N,N,,,,,,,,,,,,,,,0,0,0,0,0,0,,,,,,,0,,0,0,54:34.0,10:51.6,,NULL,NULL
DR,2.12643E+17,1,UGAV,UAT1,SCB,S1GVT6102,UAT1,MDS,5.41333E+15,111,1,R,31,210,0,1,5,2.12643E+17,2.12643E+17,2.12643E+17,260416,165527,16,260416,0,0,0,0,0,0,225,22,0,9E+21,,,,,,,,,,10,31,0,0,0,0,0,500,0,0,0,665,5,C,C,94,NCR S6622 XP,0,,,H,0,0,0,,0,764,840,0,34723282.96,84,0U,SD0032345105,0,32,345,105,5E+24,0,DAFE0F73BC80A60B,A,P,0,0,0,0,0,0,0,,,,,3.5E+14,350,0,0,0,0,0,0,0,,,,,,,,0,2.10009E+13,21,9,22,0,0,0,5413330089010624=2512000000000000000000,0,0,0,0,C5,6,65N,N,,,,,,,,,,,,,2.10009E+21,21,9,22,0,0,0,0,0,,,,,,,0,N,,N,N,,,,,,,,,,,,,,,0,0,0,0,0,0,,,,,,,0,,0,0,55:27.0,10:51.6,1,NULL,NULL
DR,2.12643E+17,1,UGAV,UAT1,SCB,S1GVT6102,UAT1,MDS,5.41333E+15,111,1,R,31,210,0,1,5,2.12643E+17,2.12643E+17,2.12643E+17,260416,165549,18,260416,0,0,0,0,0,0,226,22,0,9E+21,,,,,,,,,,10,31,0,0,,0,0,500,0,0,0,666,5,C,C,1,NCR S6622 XP,0,,,H,0,0,0,,0,764,840,32.3451,26.28,84,0U,SD0032345105,0,32,345,105,5E+24,0,DAFE0F73BC80A60B,A,P,74172,0,0,0,0,0,0,,,,,3.5E+14,350,0,0,0,0,0,0,0,,,,,,,,0,2.10009E+13,21,9,22,0,0,0,5413330089010624=2512000000000000000000,0,0,0,0,0,550,DCC,N,,,,,,,,,,,,,2.10009E+21,21,9,22,0,0,0,0,0,,,,,,,0,N,,N,N,,,,,,,,,,,,,,,0,0,0,0,0,0,,,,,,,0,,0,0,55:49.0,10:51.6,1,NULL,NULL
DR,2.12643E+17,2,UAAA,UAT1,SCB,S1A365316,UAT1,SCB,5.57756E+15,111,1,N,31,210,0,1,3,2.12643E+17,0,0,260416,165553,80,260416,0,0,0,0,0,0,2040,22,0,9E+21,,,,,,,,,,31,0,41,0,0,0,0,0,0,0,0,0,5,F,F,1,NCR S6622E XP,SCB,ร พ,ฐ,H,0,0,0,0,0,764,0,0,34723282.96,0,0,0,0,0,0,0,3.47233E+18,0,0,0,0,0,0,0,0,0,0,0,,,,,0,0,0,0,0,0,0,0,0,,,,,,,,0,7.1502E+14,715,197,435,0,0,0,5577559603030419=2705              8300,,,83,0,F5,0,00N,N,,,,,,,,,,,,,0,0,0,0,0,0,0,0,0,,,,,,,0,N,,N,N,,,,,,,,,,,,,,,0,0,0,0,0,0,,,,,,,0,,0,0,55:53.0,10:51.7,,NULL,NULL
DR,2.12643E+17,2,UAAA,UAT1,SCB,S1A365316,UAT1,SCB,5.57756E+15,111,1,N,31,210,0,1,3,2.12643E+17,0,0,260416,165621,23,260416,0,0,0,0,0,0,2041,22,0,9E+21,,,,,,,,,,31,0,41,0,0,0,0,0,0,0,0,0,5,F,F,1,NCR S6622E XP,SCB,ร พ,ฐ,H,0,0,0,0,0,764,0,0,34723282.96,0,0,0,0,0,0,0,3.47233E+18,0,0,0,0,0,0,0,0,0,0,0,,,,,0,0,0,0,0,0,0,0,0,,,,,,,,0,7.1502E+14,715,197,435,0,0,0,5577559603030419=2705              8300,,,83,0,F5,0,00N,N,,,,,,,,,,,,,0,0,0,0,0,0,0,0,0,,,,,,,0,N,,N,N,,,,,,,,,,,,,,,0,0,0,0,0,0,,,,,,,0,,0,0,56:21.0,10:51.7,,NULL,NULL
DR,2.12643E+17,1,UAAA,UAT1,SCB,S1A365316,UAT1,SCB,5.57756E+15,111,1,N,31,210,0,1,5,2.12643E+17,2.12643E+17,2.12643E+17,260416,165631,44,260416,0,0,0,0,0,0,2042,22,0,9E+21,,,,,,,,,,10,11,0,4051348374,0,0,2,400,40664831.74,40664831.74,0,224,5,T,T,0,NCR S6622E XP,0,ร พ,ฐ,H,0,0,0,,0,764,0,0,34723282.96,0,0,0,0,0,0,0,3.47233E+18,0,0,0,P,0,0,0,0,0,0,0,,,,,0,0,0,0,0,0,0,0,0,,,,,,,,0,7.1502E+14,715,197,435,0,111,,5577559603030419=2705000000000000008300,0,0,83,0,T5,2,24N,N,,,,,,,,,,,,,0,0,0,0,0,0,0,0,0,,,,,,,0,N,,N,Y,,,,,,,,,,,,,,,0,0,0,0,0,0,,,,,,,0,,0,0,56:31.0,10:51.7,1,NULL,NULL
DR,2.12643E+17,1,UAAA,UAT1,SCB,S1A365316,UAT1,SCB,5.57756E+15,111,1,N,31,420,0,1,5,2.12643E+17,2.12643E+17,2.12643E+17,260416,165631,44,260416,0,0,0,0,0,0,2042,22,0,9E+21,,,,,,,,,,10,11,0,4051348374,0,0,2,400,0,0,0,224,5,T,T,0,NCR S6622E XP,0,ร พ,ฐ,H,0,0,0,,0,764,0,0,34723282.96,0,0,0,0,0,0,0,3.47233E+18,10,0,0,P,0,0,0,0,0,0,0,,,,,0,0,0,0,0,0,0,0,0,,,,,,,,0,7.1502E+14,715,197,435,0,111,,5577559603030419=2705000000000000008300,0,0,83,0,T5,2,24N,N,,,,,,,,,,,,,0,0,0,0,0,0,0,0,0,,,,,,,0,N,,N,Y,,,,,,,,,,,,,,,0,0,0,0,0,0,,,,,,,0,,0,0,56:31.0,10:51.7,1,NULL,NULL
DR,2.12643E+17,1,UGAV,UAT1,SCB,S1GVT6102,UAT1,SCB,5.896E+15,111,1,R,31,210,0,1,5,2.12643E+17,2.12643E+17,2.12643E+17,260416,171349,65,260416,0,0,0,0,0,0,227,22,0,9E+21,,,,,,,,,,37,11,54,9992999995,1,0,0,0,0,0,0,0,5,0,0,0,NCR S6622 XP,0,CHIANGMAI,,H,0,0,0,,0,764,83,0.0485533,34723282.96,8,30,485533,485,533,0,0,3.47233E+18,0,0,0,P,0,0,0,0,0,0,0,,,,,0,0,0,0,0,0,0,0,0,,,,,,,,0,2.1001E+13,21,10,22,0,0,,5895997777777776=1299000000000000008507,0,0,85,7,5,0,00N,N,,,,,,,,,,,,,2.1001E+21,21,10,22,0,0,0,0,0,,,,,,,0,N,,N,N,,,,,,,,,,,,,,,0,0,0,0,0,0,,,,,,,0,,0,0,13:49.0,10:51.6,,NULL,NULL
DR,2.12643E+17,1,UGAV,UAT1,SCB,S1GVT6102,UAT1,SCB,5.896E+15,111,1,R,31,210,0,1,5,2.12643E+17,2.12643E+17,2.12643E+17,260416,171915,69,260416,0,0,0,0,0,0,228,22,0,9E+21,,,,,,,,,,37,11,54,9992999995,0,0,0,0,0,0,0,0,5,0,0,0,NCR S6622 XP,0,CHIANGMAI,,H,0,0,0,,0,764,83,0.0485533,34723282.96,8,30,485533,485,533,0,0,3.47233E+18,0,0,0,P,0,0,0,0,0,0,0,,,,,0,0,0,0,0,0,0,0,0,,,,,,,,0,2.1001E+13,21,10,22,0,0,,5895997777777776=1299000000000000008507,0,0,85,7,5,0,00N,N,,,,,,,,,,,,,2.1001E+21,21,10,22,0,0,0,0,0,,,,,,,0,N,,N,N,,,,,,,,,,,,,,,0,0,0,0,0,0,,,,,,,0,,0,0,19:15.0,10:51.6,,NULL,NULL
DR,2.12643E+17,1,UGAV,UAT1,SCB,S1GVT6102,UAT1,SCB,5.896E+15,111,1,R,31,210,0,1,3,2.12643E+17,0,0,260416,171915,69,260416,0,0,0,0,0,0,228,22,0,9E+21,,,,,,,,,,37,0,55,0,0,0,0,0,0,0,0,0,5,0,0,0,NCR S6622 XP,0,CHIANGMAI,,H,0,0,0,,0,764,83,0.0485533,34723282.96,8,30,485533,485,533,0,0,3.47233E+18,0,0,0,0,0,0,0,0,0,0,0,,,,,00000000000000O0,0,0,0,0,O,O,0,0,,,,,,,,0,2.1001E+13,21,10,22,0,0,0,5895997777777776=1299000000000000003636,0,0,36,36,5,0,00N,N,,,,,,,,,,,,,2.1001E+21,21,10,22,0,0,0,0,0,,,,,,,0,N,,N,N,,,,,,,,,,,,,,,0,0,0,0,0,0,,,,,,,0,,0,0,19:15.0,10:51.6,,NULL,NULL
DR,2.12643E+17,2,UGAV,UAT1,SCB,S1GVT6102,UAT1,SCB,4270227478,111,1,R,31,210,0,1,5,2.12643E+17,2.12643E+17,2.12643E+17,260416,171958,53,260416,0,0,0,0,0,0,229,22,0,9E+21,,,,,,,,,,35,0,11,0,0,4270227478,0,0,0,0,718032704,0,5,0,0,0,NCR S6622 XP,0,ESTFO,,H,0,0,0,0,0,764,,0,0,,,,0,0,0,0,UATSIT TESTFO,0,0,0,P,0,0,0,0,0,0,0,,,,,0,0,0,0,0,0,0,0,0,,,,,,,,0,2.1001E+13,21,10,22,0,0,5013,0014999999999995=1299000000000000000000,0,0,0,0,5,0,00N,N,,,,,,,,,,,,,2.1001E+21,21,10,22,0,0,0,0,0,,,,,,,0,N,,N,N,,,,,,,,,,,,,,,0,0,0,0,0,0,,830485533,1.1007E+12,2,,,0,,0,0,19:58.0,10:51.6,,NULL,NULL
DR,2.12643E+17,1,UGAV,UAT1,SCB,S1GVT6102,UAT1,SCB,4270227478,111,1,R,30,210,0,1,5,2.12643E+17,2.12643E+17,2.12643E+17,260416,172026,76,260416,0,0,0,0,0,0,231,22,0,9E+21,,,,,,,,,,20,0,11,0,0,4270227478,0,500,10158431.84,10158431.84,718032704,0,5,0,0,0,NCR S6622 XP,1000000,ESTFO,,H,0,0,0,0,0,764,,0.0000001,0,,,1000,0,0,1,0,UATSIT TESTFO,0,0,0,P,0,0,0,0,1,0,0,,,,,0,0,0,0,0,0,0,0,0,,,,,,,,0,2.1001E+13,21,10,22,0,0,5013,0014999999999995=1299000000000000000000,0,0,0,0,5,0,00N,N,,,,,,,,,,,,,2.1001E+21,21,10,22,0,0,0,0,0,,,,,,,0,N,,N,N,,,,,,,,,,,,,,,0,0,0,0,0,0,,830485533,1.1007E+12,2,,,0,,0,0,20:26.0,10:51.6,,NULL,NULL
DR,2.12643E+17,1,UGAV,UAT1,SCB,S1GVT6102,UAT1,SCB,5.896E+15,111,1,R,31,210,0,1,5,2.12643E+17,2.12643E+17,2.12643E+17,260416,172657,19,260416,0,0,0,0,0,0,232,22,0,9E+21,,,,,,,,,,37,11,54,9992999995,0,0,0,0,0,0,0,0,5,0,0,0,NCR S6622 XP,0,CHIANGMAI,,H,0,0,0,,0,764,83,0.0485533,34723282.96,8,30,485533,485,533,0,0,3.47233E+18,0,0,0,P,0,0,0,0,0,0,0,,,,,0,0,0,0,0,0,0,0,0,,,,,,,,0,2.1001E+13,21,10,22,0,0,,5895997777777776=1299000000000000008507,0,0,85,7,5,0,00N,N,,,,,,,,,,,,,2.1001E+21,21,10,22,0,0,0,0,0,,,,,,,0,N,,N,N,,,,,,,,,,,,,,,0,0,0,0,0,0,,,,,,,0,,0,0,26:57.0,10:51.6,,NULL,NULL
DR,2.12643E+17,1,UGAV,UAT1,SCB,S1GVT6102,UAT1,SCB,5.896E+15,111,1,R,31,210,0,1,3,2.12643E+17,0,0,260416,172657,19,260416,0,0,0,0,0,0,232,22,0,9E+21,,,,,,,,,,37,0,55,0,0,0,0,0,0,0,0,0,5,0,0,0,NCR S6622 XP,0,CHIANGMAI,,H,0,0,0,,0,764,83,0.0485533,34723282.96,8,30,485533,485,533,0,0,3.47233E+18,0,0,0,0,0,0,0,0,0,0,0,,,,,00000000000000O0,0,0,0,0,O,O,0,0,,,,,,,,0,2.1001E+13,21,10,22,0,0,0,5895997777777776=1299000000000000003636,0,0,36,36,5,0,00N,N,,,,,,,,,,,,,2.1001E+21,21,10,22,0,0,0,0,0,,,,,,,0,N,,N,N,,,,,,,,,,,,,,,0,0,0,0,0,0,,,,,,,0,,0,0,26:57.0,10:51.6,,NULL,NULL
DR,2.12643E+17,2,UGAV,UAT1,SCB,S1GVT6102,UAT1,SCB,13531993,111,1,R,31,110,0,1,5,2.12643E+17,2.12643E+17,2.12643E+17,260416,172843,83,260416,0,0,0,0,0,0,233,22,0,011130195           14,,,,,,,,,,34,0,55,0,0,13531993,0,1000,0,0,0,0,5,0,0,0,NCR S6622 XP,00000000000000UAT METR,OPOLITAN,,H,427.02,274.78,0,4270227478,185.23,764,11,0,0,1,11,30195,301,95,0,0,UAT METROPOLITAN,0,0,0,P,0,0,0,0,0,0,0,,,,,1,0,0,0,0,0,0,1,N0,,,,,,,,0,2.1001E+13,21,10,22,0,0,0,0014999999999995=1299000000000000000000,0,0,0,0,5,0,00N,N,,,,,,,,,,,,,2.1001E+21,21,10,22,0,0,0,0,0,,,,,,,0,N,,N,N,,,,,,,,,,,,,,,0,0,0,0,0,0,,830485533,1.1007E+12,2,,,0,,0,0,28:43.0,10:51.6,,NULL,NULL
DR,2.12643E+17,1,UGAV,UAT1,SCB,S1GVT6102,UAT1,SCB,13531993,111,1,R,31,210,0,1,5,2.12643E+17,2.12643E+17,2.12643E+17,260416,172843,83,260416,0,0,0,0,0,0,234,22,0,011130195           14,,,,,,,,,,50,0,55,0,0,13531993,0,1000,0,0,0,0,5,0,0,0,NCR S6622 XP,00000000000000UAT METR,OPOLITAN,,H,427.02,274.78,0,4270227478,185.23,764,11,100,0,1,11,1,0,0,0,1,UAT METROPOLITAN,0,0,0,P,0,0,0,0,2,0,0,,,,,1,0,0,0,0,0,0,1,N0,,,,,,,,0,2.1001E+13,21,10,22,0,0,0,0014999999999995=1299000000000000000000,0,0,0,0,5,0,00N,N,,,,,,,,,,,,,2.1001E+21,21,10,22,0,0,0,0,0,,,,,,,0,N,,N,N,,,,,,,,,,,,,,,0,0,0,0,0,0,,830485533,1.1007E+12,2,,,0,,0,0,28:43.0,10:51.6,,NULL,NULL
DR,2.12643E+17,2,UAAA,UAT1,SCB,S1A365316,UAT1,SCB,5.57755E+15,111,1,N,31,210,0,1,3,2.12643E+17,0,0,260416,173435,2,260416,0,0,0,0,0,0,2043,22,0,9E+21,,,,,,,,,,31,0,41,0,0,0,0,0,0,0,0,0,5,F,F,1,NCR S6622E XP,SCB,ร พ,ฐ,H,0,0,0,0,0,764,0,0,34723282.96,0,0,0,0,0,0,0,3.47233E+18,0,0,0,0,0,0,0,0,0,0,0,,,,,0,0,0,0,0,0,0,0,0,,,,,,,,0,7.1502E+14,715,197,435,0,0,0,5577550116022084=2705              1600,,,16,0,F5,0,00N,N,,,,,,,,,,,,,0,0,0,0,0,0,0,0,0,,,,,,,0,N,,N,N,,,,,,,,,,,,,,,0,0,0,0,0,0,,,,,,,0,,0,0,34:35.0,10:51.7,,NULL,NULL
DR,2.12643E+17,2,UAAA,UAT1,SCB,S1A365316,UAT1,SCB,5.57755E+15,111,1,N,31,110,0,1,5,2.12643E+17,2.12643E+17,2.12643E+17,260416,173436,65,260416,0,0,0,0,0,0,2044,22,0,14,,,,,,,,,,34,11,64,4180156026,0,2.0503E+17,0,0,0,0,0,135,5,T,T,56,NCR S6622E XP,0,ร พ,ฐ,H,0,0,0,,0,764,,0,0,,,,0,0,0,0,,0,0,0,P,1,0,0,0,0,0,0,,,,,0,0,0,0,0,0,0,0,00000444444  N0,,,,,,,,0,7.1502E+14,715,197,435,0,5011,0,5577550116022084=2705000000000000001600,0,0,16,0,T5,1,35N,N,,,,,,,,,,,,,0,0,0,0,0,0,0,0,0,,,,,,,0,N,,N,Y,,,,,,,,,,,,,,,0,0,0,0,0,0,,,,,,,0,,0,0,34:36.0,10:51.7,,NULL,NULL
